Time,South_Atlantic,S_Australia,China,C_Africa,Arabian_sea,W_Africa_coast,Scandinavia,Offshore_oregon,Caribbean,Tropical_E_Pacific,W_S_America,Antarctica,Indonesia,Philippines,Iceland,N_Atlantic,Alaska,Mediterranean,New_Zealand,Japan,Greenland,Global
100,0.294383675,,,,3.164199035,0.308966181,2.264977266,,0.013918825,,,4.181827114,-1.168750778,1.256402589,3.956183921,8.765136413,-0.671044444,-1.573893086,2.837868297,0.075437057,-1.106787096,1.182224153
200,0.815124369,,,,2.316623573,0.107711213,2.326153125,0.108217892,-0.029996512,0.149171803,,4.254342653,0.369248275,0.843271604,2.94381659,8.651743294,-0.613236514,-1.731712478,3.047308383,-0.345203572,-0.006639976,-0.338563596
300,1.017853511,,,,1.99791356,-0.128194288,2.003086295,0.216386274,-0.009403849,0.133581526,,4.21637678,0.578949967,0.935828371,2.098985767,8.579117375,-0.614115463,-1.691806378,3.167085137,-0.160824334,0.041222035,-0.20204637
400,1.469162731,,3.06455791,,1.86704911,0.721073953,2.083891687,0.264112432,-0.090291244,0.15246233,,4.013538137,0.49746632,0.526966732,2.779337349,8.485219137,-0.454402201,-1.651008992,3.753173006,-0.15479685,-0.614705548,0.459908699
500,1.297643976,,3.075942492,,1.81809403,0.7345134,1.878314676,0.24273794,0.036003753,0.003008284,,4.487116337,0.22629808,1.00400856,1.427921284,8.398464225,-0.532849506,-1.245260684,3.472326085,0.111899053,-0.253110525,0.365009577
600,2.837100626,,3.130684074,,1.858490777,0.579488364,1.847008561,0.193855604,-0.006724744,0.221868242,,4.063790606,0.471198944,0.713183466,1.242815855,3.424849412,-0.564004961,-1.661226179,3.259584465,-0.169389543,0.290847021,-0.460236563
700,1.760564628,2.7918705,3.045888656,,1.874908482,0.386625397,1.6683971,0.109159498,-0.195511749,0.397211715,,2.031598657,0.288503923,0.451539487,1.280019007,3.322836895,-0.697573406,-1.746499789,2.543484865,-0.366033548,0.497908488,-0.863942035
800,2.378598345,2.480298596,3.124924,,1.823100699,0.559484116,1.755004094,-0.031309214,-0.154766718,0.553617276,,1.788766728,0.292135043,0.473683331,1.401568027,3.266020459,-0.743964177,-1.263473685,2.879242046,-0.431512528,0.612398506,-1.043911033
900,1.894359287,2.213477057,3.335364582,,1.717539872,0.482925281,1.952598263,-0.04494987,-0.188401521,0.816214022,,2.026609111,0.142187763,0.71209516,1.06109908,3.145363677,-0.703255943,-0.940142241,2.993601036,-0.396516205,0.306332512,-0.702848717
1000,1.75793252,2.402475057,3.186520164,,1.412673134,0.513802937,1.381023255,0.004634511,-0.288131527,1.022469935,,1.743465822,0.444007153,0.897001771,1.443304511,3.15100883,-0.596470131,-1.120341905,3.004471532,-0.490552269,-1.521711596,1.031159327
1100,1.501252734,2.203451057,3.331481746,,1.477310388,0.532551514,1.332693261,0.012334312,-0.237732228,1.302619277,,1.837160866,0.415347655,0.877381669,1.102562097,3.316470262,-0.636582632,-0.91786929,3.170256568,-0.293930857,0.239397536,-0.533328393
1200,0.791887466,2.343655557,3.456521328,,1.811897233,0.461779592,1.232917437,-0.151299355,-0.129980558,1.522978285,2.731943162,1.731619807,0.273675501,0.750683142,0.963234158,3.096600189,-0.545839604,-0.994079179,3.031377352,-0.490220632,-1.391136453,0.900915821
1300,1.571034474,2.216206404,3.41823591,,1.739851083,0.532058562,1.573212745,-0.291771638,0.700068501,1.530715858,2.725346722,1.963417032,0.389088784,0.771254393,0.967225134,2.788810123,-0.501888567,-0.782101689,3.465761908,-0.704191364,-1.148845977,0.444654613
1400,2.360059957,2.323495039,3.236017191,0.920334782,1.468937304,0.264451534,1.129620524,-0.28703417,0.959943971,1.289395565,2.617392581,1.171589758,0.099532979,1.08357549,0.580860307,2.850081753,-0.694738981,-0.629880605,3.154843768,-0.786627461,-1.368573548,0.581946087
1500,2.522661046,2.137874673,3.410671233,0.995895684,1.369008799,0.288393077,1.167207463,-0.384948673,0.876104545,1.080731916,2.57088334,1.296831658,0.494139905,0.846183041,0.447248264,2.93090269,-0.596066543,-0.820414398,3.162935832,-0.441813577,-0.426511501,-0.015302077
1600,2.296118669,2.097749308,3.494120513,1.00908489,1.421617358,0.366262872,1.040347402,-0.415392268,0.742829654,0.775552043,2.7638064,2.585674332,0.375929993,1.15068052,0.954183002,3.035817596,-0.64509067,-0.905398756,3.93586793,-0.419525418,0.280740452,-0.70026587
1700,3.307433809,2.114585468,3.471894794,0.947652097,1.484384524,0.350925892,1.488299154,-0.440017239,0.459697799,0.516764393,2.706096659,2.230600556,0.193311415,0.972917148,1.676856929,3.155588334,-0.498420607,-0.950353269,3.665838066,-0.501669075,-0.619246548,0.117577473
1800,2.438633888,2.042573645,3.585628074,0.931656333,1.55288682,0.365503783,1.428822508,-0.440400709,0.135192385,0.513959137,2.699753401,2.390075347,0.443100101,1.248044323,1.153579779,3.236974262,-0.423554931,-1.087349666,3.544956746,-0.420490553,-0.315138501,-0.105352052
1900,2.776582252,2.061664762,3.607792116,0.84130054,1.504185445,0.202333162,1.357909034,-0.411225114,0.340310711,0.387795092,2.555113969,1.952765118,0.703200034,0.969409877,1.155559642,3.270260139,-0.334725796,-1.234968354,3.061842073,-0.143550355,-2.225652977,2.082102621
2000,2.037761061,2.015929939,3.581138397,0.763437539,1.334267036,0.102608406,1.007614431,-0.320538164,0.600364477,0.338530889,2.253011057,1.510748778,0.486608785,0.825583644,1.029604781,3.261373404,-0.248133933,-1.187713034,3.533227506,-0.629124483,-1.060882453,0.43175797
2100,2.13183983,1.940275116,3.596832677,1.120849061,1.254191127,0.116781459,1.136546289,-0.220106469,1.172994647,0.317361147,2.299723426,1.312812658,0.543642468,0.933498687,1.649366059,3.202113774,-0.291361019,-1.213350758,3.015024068,-0.740016967,-0.207047501,-0.532969466
2200,2.021697782,1.979679233,3.525842958,1.576961584,1.222172545,0.209702882,1.207040805,0.013732693,1.026027048,0.374744856,2.298515095,1.639452196,0.463011781,0.786273794,1.360798972,2.950405512,-0.53619159,-1.56380282,3.110430202,-0.791325362,-1.554900453,0.76357509
2300,1.693705665,2.238735069,3.537888815,1.987435226,1.174558756,0.326015017,1.462947883,0.319183939,0.626763662,0.591141208,2.274771969,1.697059681,0.495956889,0.955263156,1.405781917,2.910862721,-0.547977877,-1.707324256,3.592518978,-0.660632213,-0.621444501,-0.039187713
2400,0.543376715,2.116117069,3.42499691,1.861894636,1.041268253,0.473524168,1.562482485,0.433239686,0.526679597,0.622439828,2.382357911,1.943979992,0.678671464,0.778064633,0.758219593,2.934712571,-0.448136362,-1.65518195,3.705473877,-0.797638662,-0.810863477,0.013224815
2500,1.454884792,1.946795069,3.130833767,1.768735184,0.77258612,0.531053464,1.156470458,0.370467434,0.315365839,0.621004251,2.128301972,1.709740933,0.427856257,0.954216639,1.358169922,2.938187513,-0.374291403,-1.616828484,3.332286503,-0.978015866,-2.437347834,1.459331968
2600,2.886044217,2.201700057,3.275153863,1.704642894,0.79398588,0.417697443,1.565489318,0.108409228,0.137943216,0.676063119,2.197553314,1.962634685,0.617688455,0.627557913,1.541358223,2.918037399,-0.406380449,-1.392385119,3.36301268,-0.869106866,-0.822344929,-0.046761937
2700,2.947659195,2.022655057,3.178832958,1.885791066,0.929882335,0.502531205,1.338154748,0.157432127,0.147321102,0.765373846,2.151749675,2.078214561,0.439663113,0.838328779,1.479164662,2.76134476,-0.247456778,-0.970998465,3.731924716,-0.729925988,-0.997138929,0.267212941
2800,1.551794322,1.974875057,2.925476815,1.998620238,1.001731086,0.388657393,1.274816954,0.057105165,0.260841843,0.543352333,2.180862676,1.498881618,0.55675242,0.96077183,1.013984293,2.159169344,-0.328293672,-0.774964891,3.552184669,-0.669306748,-2.198368572,1.529061824
2900,1.691366712,2.117398874,3.00537791,1.997207283,1.05265865,0.23432538,1.484662447,0.232774396,0.421157511,0.38082886,2.085374875,1.914805899,0.519983925,0.359156126,1.282669722,2.367579965,-0.378218673,-0.974432944,3.829629835,-0.660852877,-1.579085524,0.918232647
3000,2.259007988,2.086454843,2.667809767,1.9378722,0.921715127,0.617300343,1.219568798,0.29934553,0.479613158,0.186884305,2.091135134,2.830246773,0.579381524,0.457727738,1.324261781,2.595799883,-0.404422881,-1.045100871,4.103129166,-0.653033378,-0.324474477,-0.328558902
3100,2.810194192,1.902529812,2.654388863,1.790004161,0.757932437,0.632204373,1.512924067,0.113808971,0.390741225,0.373789877,2.056133833,2.671201346,0.469006369,0.514830579,1.523203725,2.686903195,-0.440489854,-1.120868779,4.018454709,-0.780370659,-1.156203477,0.375832818
3200,2.272561185,1.906678092,2.531594958,1.422274629,0.732593012,0.452488035,1.41257191,0.073782279,0.223381241,0.564483516,1.924160591,1.927056944,0.490551971,0.570334332,1.065515492,2.572674985,-0.473207438,-0.945686564,3.387020784,-0.874297232,-0.793121501,-0.081175731
3300,1.473482319,1.755688092,2.359382939,0.973321157,0.672505087,0.317938964,1.20121031,0.429448396,0.112490193,0.496255567,1.85726929,2.132104398,0.653735989,0.501879164,0.562086896,2.508018826,-0.613784186,-1.084095533,3.723768439,-0.624863912,-2.975187977,2.350324065
3400,2.218820732,1.461074078,2.09166392,0.727734389,0.791797162,0.347101616,1.275047068,0.688857003,0.006901125,0.200808439,1.808366781,1.754119022,0.624410602,0.386154355,0.28882258,2.542955988,-0.539816284,-1.254831738,2.814818424,-0.627864835,-1.672338072,1.044473237
3500,2.011760495,1.541029079,1.966290901,0.515718088,0.824721093,0.303630307,1.514241098,0.797925893,0.066320549,0.085502855,1.796526987,2.297545516,0.601400921,0.730207625,2.070168788,2.534070542,-0.43818996,-1.209452974,2.910835907,-0.595708629,-1.593365072,0.997656443
3600,1.679145174,1.580462814,1.647178882,0.331223647,0.878354893,0.105495878,1.412451449,0.599557934,0.089830024,-0.038816049,1.686664893,1.933321171,0.666486224,0.662871553,1.748832021,2.518335853,-0.408928629,-1.464977145,3.060317142,-0.761935267,-0.985836453,0.223901185
3700,2.302835615,1.366321968,1.485355863,0.287157855,0.898772848,0.099710267,1.388684608,0.606090448,0.148400215,0.009785147,1.767290639,1.814759723,0.429825209,0.528527619,1.436941784,2.499047531,-0.432003668,-1.499657565,3.213714812,-0.725275886,-2.615246477,1.889970591
3800,1.456364108,1.211690118,1.276312844,0.262310064,0.96349043,0.112605091,1.46585671,0.764676461,0.292486982,-0.004968735,1.757383245,2.346788437,0.434517233,0.477300511,0.821134845,2.60948698,-0.397464467,-1.350157068,3.083491358,-0.640708814,-1.305899072,0.665190258
3900,2.200019085,1.379679261,1.001941884,0.370695273,1.060004264,0.25153686,1.265259659,0.625801154,0.358403691,0.0125318,1.658556134,1.958179481,0.595383282,0.297960229,0.784584203,2.537418961,-0.444283247,-1.539533032,3.075169244,-0.783406342,-1.559094501,0.775688159
4000,2.357147443,1.133399411,0.762965865,0.202809132,1.100454851,0.073565302,1.102244815,0.680513582,0.409783977,0.104215888,1.725564192,2.82730052,0.393708468,0.352457755,0.769857867,2.522918918,-0.584762026,-1.471013968,3.726791318,-0.774918915,-1.861040001,1.086121086
4100,2.347229499,1.06201974,0.538203876,-0.090708918,0.807696189,-0.037453049,1.322223399,0.622036266,0.55044439,0.611863695,1.524014991,1.901691989,0.361729614,0.31247425,0.018792504,2.285725966,-0.710222272,-1.421773037,2.971070003,-0.644982498,-1.807082477,1.162099978
4200,2.317126975,1.058579203,0.165211886,-0.227243979,0.429297232,-0.007813207,1.02288976,0.667372554,0.66622545,0.804419192,1.561949189,2.075887515,0.385566023,0.268815382,0.212708608,4.209354416,-0.710709364,-1.603046913,2.977368313,-0.697007169,-1.734018953,1.037011784
4300,2.409270587,0.882194621,0.163879883,-0.309418304,-0.166752097,-0.042591955,1.303626282,0.756197061,0.691410758,0.682527424,1.389471547,1.552012574,0.286790452,-0.247892729,-0.096067305,3.650612834,-0.529009699,-1.572875319,2.718136351,-0.61412592,-1.671265048,1.057139128
4400,2.483403084,0.697266069,0.279537887,-0.142824737,-0.649729573,0.267104155,1.04131176,0.59233673,0.617542603,0.67348709,1.456116846,2.047520451,0.487627978,0.438375161,0.93537565,3.199881576,-0.554940291,-1.547497887,3.018278499,-0.583433629,-2.667606025,2.084172395
4500,2.402232443,0.898149516,0.135247884,-0.168811315,-1.032161998,0.126215274,1.140290224,0.430385166,0.490087707,0.534957456,1.471076804,2.052814187,0.563323137,0.417896974,0.31937767,2.733086338,-0.427646458,-1.658385933,2.963961847,-0.727510678,-1.171492453,0.443981775
4600,2.198168599,0.793595681,0.154324884,-0.303925215,-0.108942541,0.272918519,1.084793486,0.714411804,0.31666931,0.416214382,1.566138634,2.706140607,0.692700211,0.496176641,0.780710529,2.309990985,-0.466869683,-1.765782056,3.089657985,-0.592685729,-1.086218501,0.493532771
4700,2.756425938,0.976762745,0.153650887,-0.032604301,0.873409775,0.20411749,1.019734237,0.636676705,0.25979332,0.359148883,1.575349793,3.217122674,0.462823399,0.589630017,1.515467789,2.328017819,-0.426817154,-2.171542335,3.259707353,-0.611359539,-0.982718524,0.371358985
4800,2.253826514,0.777790808,0.168017886,0.086630597,0.783117901,0.010056458,1.258885199,0.796370904,0.270666157,0.235131065,1.505718223,2.641125646,0.441286244,0.57913587,0.752358627,3.004072965,-0.351331641,-1.912990494,2.944701211,-0.772142941,-1.688898881,0.91675594
4900,1.841317193,0.695691265,0.138280886,-0.224449011,0.601703383,-0.02510298,0.890251784,0.787046388,0.18862098,0.305619127,1.441104483,2.72142206,0.363348238,0.640253545,1.292062267,3.251263753,-0.644769599,-1.72659798,2.94553351,-0.780579251,-1.99132012,1.210740869
5000,1.532108546,0.749387202,-0.017826114,-0.966187919,0.501590902,-0.245262182,0.95902617,0.761590342,0.151989893,0.500841814,1.345761222,2.648929842,0.315294072,0.271035872,1.15512096,2.811244884,-0.555480749,-1.690437033,2.944340701,-0.703363132,-2.061586548,1.358223416
5100,1.66951812,0.339764138,0.117315387,-0.811917982,0.673511059,-0.458652567,0.789347436,0.580076326,0.252705477,0.533499602,1.104714321,2.260649904,0.416605758,0.423277768,0.394714648,2.410636492,-0.733525113,-1.573142641,2.616018456,-0.673519135,-1.874091572,1.200572437
5200,0.982531781,0.674573104,0.009173883,-0.662162044,0.769220933,-0.335711632,0.391485535,0.582672558,0.327878413,0.417453888,1.014432949,2.048179896,0.233362553,0.24331778,0.380540009,2.218298281,-0.745953421,-1.257087503,2.311296477,-0.783035743,-1.880698477,1.097662733
5300,1.576211485,0.707786011,0.047768888,-0.674742834,0.975066653,-0.236573113,0.32669154,0.575166262,0.355297048,0.359962976,1.174318348,2.232504632,0.279044645,0.41980941,0.223182981,2.458577002,-0.929145244,-0.949419174,2.823576548,-0.844494362,-1.547597048,0.703102686
5400,2.46047614,0.540001977,-0.046881116,-0.820511099,1.028937855,-0.057198751,0.557274929,0.483418539,0.328138356,0.434969238,1.088629176,2.313942696,0.297593493,0.710541617,0.407883011,2.444729533,-0.674568945,-1.241001259,2.430502215,-0.653255736,-2.684421358,2.031165621
5500,2.060327376,0.401663884,-0.002272619,-0.902089304,0.584258625,-0.144305679,0.326836103,0.497945579,0.236244839,0.462628931,1.026915675,2.27615872,0.339153334,0.284845139,0.897185967,2.034346616,-0.87708849,-1.378575017,2.435073049,-0.769868299,-2.722139548,1.952271249
5600,1.88419933,0.35244985,-0.010880115,-1.011044453,0.168659825,-0.244700329,0.185630642,0.411610313,0.286614378,0.355119276,1.032047338,2.767102418,0.109058979,0.499615428,0.760761807,1.931270052,-0.796209412,-1.593140725,3.052347483,-0.95367517,-2.647764501,1.694089331
5700,1.873737475,0.531125757,-0.117564111,-1.026822618,0.063914266,-0.341884169,0.357450722,0.463326369,0.422293429,0.206695756,1.089095207,2.801824835,0.088146681,0.324395505,1.069978644,2.074859224,-0.79831696,-1.537441829,2.705552765,-0.853359438,-2.031641477,1.178282039
5800,2.529576653,0.215812663,-0.154026786,-0.779217201,0.05021136,-0.413948651,0.095889555,0.372156116,0.476807555,0.140574839,1.060998976,2.779906276,0.197132331,0.102369103,0.616377301,1.81652927,-0.716085044,-1.647496494,2.82615847,-0.738801826,-2.322445477,1.583643651
5900,2.678395858,0.20926351,-0.167668446,-0.40616557,0.253567193,-0.215119995,0.175011853,0.387116277,0.415516807,0.160564158,1.10948476,3.351986744,0.361629484,0.43486955,0.212492296,1.650043204,-0.643677905,-1.657929339,3.165349968,-0.651616161,-2.602656548,1.951040387
6000,2.742670039,0.423313826,-0.163910121,-0.033241939,0.134744943,-0.274625522,-0.047612254,0.442958539,0.281759133,0.297301506,1.081163429,3.266406935,0.194492205,0.297885191,0.335094221,2.224546467,-0.836653115,-1.594341472,2.968804866,-0.739470576,-1.727020001,0.987549425
6100,2.029505324,0.186590142,-0.172507782,0.317301137,0.211400894,-0.521472647,0.255012815,0.398094175,0.073012413,0.297982053,0.849391807,2.454359221,0.308523001,0.153861344,1.068479362,2.347294891,-0.838062825,-1.572484687,2.513055688,-0.696605435,-2.61814112,1.921535685
6200,1.813326834,0.044008458,-0.188570442,0.597094468,0.209355316,-0.395254358,0.178283972,0.445458637,-0.073782912,0.270722762,0.783660239,2.544071573,0.169951097,0.20538054,0.708606488,1.95002318,-1.038681289,-1.605887259,2.540819622,-0.580830694,-2.242375881,1.661545187
6300,1.556736164,-0.192073226,-0.085651117,0.05342957,-0.079900788,-0.261667353,0.239328444,0.539772964,-0.144786204,0.233648354,0.82263928,2.451497452,0.281910285,0.263745294,0.769928546,1.699467868,-1.010439568,-1.710352103,2.192474213,-0.657100784,-2.712175501,2.055074716
6400,2.291019812,-0.303872412,-0.090442777,0.686832659,-0.033687231,-0.109613438,0.146884494,0.640324681,-0.082391465,0.142295228,0.897339816,3.359567172,0.283019238,0.488543253,0.58810617,1.45630673,-1.015922787,-1.762189076,2.558884722,-0.649769687,-3.040505429,2.390735742
6500,1.786294565,-0.08245857,-0.153877453,-0.125574346,0.125663843,-0.457419769,0.181786435,0.740179257,0.020052383,0.405784349,0.976568953,3.009429313,0.501485237,0.304094263,0.811892816,1.56288429,-0.957317315,-1.795794916,2.549770461,-0.750747194,-2.124333501,1.373586306
6600,1.921893426,-0.262242728,-0.157834113,-1.153872451,0.413610446,-0.467255469,0.277977037,0.614091438,-0.078355847,0.354438475,0.884095389,3.294881788,0.277035418,0.373185049,0.623847115,1.93276094,-0.962788179,-1.744378391,2.509989148,-0.699317014,-2.702578453,2.003261439
6700,1.300592743,0.042401114,-0.150424788,-1.866438366,0.393009446,-0.391828355,0.459504647,0.619949371,-0.136021,0.212681242,0.931994753,3.373805524,0.211729012,0.36847508,0.450793972,2.253359778,-0.788836616,-1.583466306,2.634306123,-0.708686829,-2.836120429,2.1274336
6800,1.868108905,-0.257934044,-0.155938448,-0.680637901,0.359408304,-0.387755892,0.376804321,0.680206482,-0.212318656,0.249731559,0.723338117,3.113491924,0.372928728,0.192276336,0.528548497,1.650180034,-1.000492466,-1.368236027,2.018029743,-0.809436159,-3.449228953,2.639792794
6900,1.338499643,-0.081675267,-0.134058109,0.780922279,0.646052597,-0.208116514,-0.082436626,0.599046555,-0.208859803,0.342661305,0.720942181,2.66201304,0.27590204,0.1903821,0.582043432,0.718926203,-1.042125546,-1.424352025,1.810839795,-0.789951418,-3.341168906,2.551217487
7000,0.919498241,-0.02613914,-0.110814769,0.953696423,0.412251414,-0.093150111,-0.061612365,0.477772419,-0.197256997,0.160103218,0.710032845,2.952363884,0.006926918,0.113317142,0.95743209,2.178556997,-0.986117195,-1.182376037,1.620550134,-0.499181805,-2.716707596,2.21752579
7100,1.627322692,0.217261987,-0.224141459,1.022904699,0.385753965,-0.238448291,0.062467074,0.485172201,-0.194382882,0.119400853,0.739215209,2.997049089,0.295242266,0.064458368,0.554755947,1.710897033,-1.143697404,-1.083436707,1.739554993,-0.230626498,-2.523340358,2.29271386
7200,1.104588822,-0.09018303,-0.09944912,0.714155327,0.648605486,-0.220447481,-0.068195924,0.559066322,-0.14968098,0.124443372,0.679038703,2.702943429,0.393606081,0.39607246,0.842679309,1.105539778,-0.935691252,-0.89493817,1.733055635,-0.569047482,-2.239616953,1.670569471
7300,1.111920044,-0.316834191,-0.05050978,0.370108045,0.823328619,-0.088764122,0.241748759,0.579071866,-0.194645031,0.269150606,0.575658833,2.487391227,0.173087446,0.154698098,0.399431471,1.012459486,-0.924943721,-0.951126784,1.292994621,-0.493113527,-3.266947572,2.773834045
7400,0.944320829,-0.404426411,-0.19135344,0.338349689,0.848460729,-0.107979972,0.080416136,0.506647175,-0.187616367,0.302791943,0.638174964,2.48076585,0.020003163,0.087347705,0.445786429,0.804319196,-0.886603606,-0.963224387,1.387707808,-0.670733243,-3.191896596,2.521163353
7500,0.740945933,-0.398058761,-0.2284831,0.550551733,0.765027562,0.124218973,0.016162896,0.393359019,-0.126553772,-0.471043413,0.617256694,2.664128351,0.107159399,0.258338316,0.217655749,1.160947759,-0.895898662,-1.143684567,1.883671597,-0.692188279,-2.574125001,1.881936722
7600,0.993733983,-0.332174896,-0.193190791,0.602031879,0.757799759,0.068312072,0.120330774,0.16283016,-0.12010586,-0.199147335,0.516648724,2.922977505,0.124464649,0.300470485,0.290727083,1.153528772,-0.792062033,-1.280099576,1.94110443,-0.747118993,-3.199322001,2.452203008
7700,0.842913265,-0.26495909,-0.105968451,0.67044897,0.841564062,0.082063594,0.035566424,0.23626416,-0.091449996,0.210347679,0.529930137,2.819780657,0.166982286,0.360823688,0.202914856,0.541710169,-0.870741791,-1.175661473,1.70451806,-0.864243761,-4.579926381,3.71568262
7800,0.886868786,-0.086376334,-0.199700111,0.261948271,0.954111331,-0.07974667,-0.218235142,0.311055219,-0.055561363,0.201391439,0.498644018,2.773548401,0.046286156,0.123469342,-0.200136626,0.307179069,-1.012999462,-1.111339067,1.281596303,-0.992960759,-4.441674525,3.448713765
7900,0.745102331,-0.264600066,-0.213123771,0.702414236,1.007894255,-0.129447648,-0.33711252,0.112798663,-0.105231507,0.157857322,0.560766503,2.874391811,-0.086225395,0.298356395,0.146718277,0.182933291,-0.843047553,-1.149452605,1.542195397,-0.881832825,-2.931302953,2.049470128
8000,0.165026216,-0.396009797,-0.192114462,1.291648207,1.077045323,-0.045617184,-0.392018269,0.149063255,-0.075139139,-0.048864321,0.322108981,2.339343136,-0.055975166,-0.063607964,0.443105108,-0.071378097,-0.667945561,-1.080044294,0.987843725,-0.636593409,-3.075278953,2.438685544
8100,0.449904351,-0.492456064,-0.159808122,1.478431183,1.346088299,0.18928436,-0.095556672,0.388794151,-0.182637693,-0.115652411,-0.102518834,1.006506811,-0.161213124,0.139160682,0.918838256,-0.132355718,-0.565371386,-1.084863481,0.089362539,-0.54146952,-1.768308477,1.226838957
8200,0.046933233,-0.467942001,-0.098633782,0.964158497,1.131686487,0.160330377,0.194494324,0.535056669,-0.225583259,-0.072626455,-0.006288057,1.126464453,-0.12950313,-0.092354679,0.85175548,-0.086306553,-0.326353592,-1.00671341,0.001749056,-0.629609573,1.45896847,-2.088578043
8300,0.149456284,-0.194997439,-0.263967443,0.464509757,0.984969838,0.042564222,0.072825571,0.251976987,-0.236547815,-0.024489223,0.032762111,1.470051221,0.006705989,-0.171634629,0.455322296,0.21786316,-0.267759297,-1.086332774,0.189553479,-0.593819879,-2.670800453,2.076980574
8400,-0.336719619,-0.130065908,-0.168162103,0.239267224,0.709844945,-0.104560756,-0.153048786,0.037815665,-0.260119991,0.099652163,0.104459306,1.05872189,0.072763057,-0.267349545,0.119835044,-0.266863898,-0.259895479,-1.084920016,0.245197187,-0.671190237,-2.985272429,2.314082192
8500,-0.28827191,-0.210395408,-0.140530793,0.559548735,0.385502694,0.17724317,0.206746084,0.079020391,-0.224249969,0.198978011,-0.026968514,1.056426798,-0.002293345,-0.2168635,0.328982082,-0.456258074,0.030287382,-1.012674355,-0.082508707,-0.571118478,-2.627603953,2.056485475
8600,-0.07289704,-0.180667908,-0.276112453,0.685436246,0.852865832,-0.017531951,-0.236644367,-0.164059343,-0.280174635,0.492996662,-0.062567934,1.014989082,-0.097959088,0.030495034,0.03525342,-0.276536461,0.13113741,-1.177003108,-0.243842342,-0.579405926,-2.790959429,2.211553503
8700,-0.225262132,-0.218489145,-0.150106114,0.350598936,0.972759062,-0.058791989,-0.047163091,0.129628641,-0.180748897,0.636141919,-0.073614854,0.919507917,-0.033823154,0.135541361,0.278127688,-0.09789286,0.094044635,-1.176680087,0.003356104,-0.533195743,-2.796989406,2.263793663
8800,-0.312601006,0.13720367,-0.185158121,0.086025271,1.075001127,0.263926197,-0.031234121,-0.016273874,-0.182234944,0.373066561,-0.204023383,0.902734342,0.059051847,0.037356163,1.189598198,-0.322389603,0.039509292,-1.388361326,0.14637886,-0.501721789,-3.385462572,2.883740783
8900,-0.096073936,0.34178649,-0.094861113,-0.049376897,1.082130007,-0.01773522,-0.481332367,-0.101617713,-0.069547607,0.018149591,-0.085647658,0.751324137,0.100271501,-0.000739625,1.696947397,-0.149834571,0.000439816,-1.309431881,0.109464097,-0.720334344,-4.665011429,3.944677085
9000,0.534433952,0.412904315,0.03712388,0.034053401,1.311113447,-0.135351727,-0.21744399,-0.854287823,-0.059623816,-0.140475297,0.329929575,1.352413148,-0.033564353,0.229943742,0.401952308,-0.266408889,-0.130901671,-1.349451095,0.661819648,-0.539541743,-1.757461024,1.217919281
9100,0.525327336,0.549210078,0.124806888,0.02931369,1.436329485,-0.078120611,-0.394972427,-0.922605811,-0.048310603,-0.035846828,0.402106804,0.950429674,0.013918647,0.055719426,-0.265944211,0.05590749,-0.191501165,-1.618994495,0.621597455,-0.961118489,-3.817745977,2.856627487
9200,0.462108933,0.394484078,0.150194886,0.061108984,1.04203531,-0.184470808,-0.252054383,-0.719617208,-0.019788464,-0.071618711,0.543323433,1.180302579,0.164433794,0.294768102,0.560381731,-0.046831392,0.001276445,-1.325153329,1.142219938,-0.571208134,-2.148459572,1.577251438
9300,0.872054018,0.513615078,0.053416884,0.045209128,0.596899865,-0.160281077,-0.144256769,-0.743533131,-0.041514737,-0.17980277,0.392850464,0.731124439,0.106334597,0.118343966,0.500774805,-0.199071339,-0.027550026,-1.215557946,0.886235716,-0.361963142,-3.144730929,2.782767787
9400,0.19898998,0.335958078,0.277496889,-0.171700094,0.159543192,-0.309822378,-0.066053066,-0.720451604,-0.066929133,-0.297178622,0.396223053,0.501898601,0.159068973,0.241954155,-0.025930693,-0.448235575,0.013850654,-0.880470172,0.708215848,-0.33643858,-3.372974453,3.036535872
9500,-0.346933113,0.173795078,0.283803889,-0.247918738,0.248389418,-0.108706393,-0.099024301,-0.806627814,-0.087761197,-0.21385659,0.488337508,0.91223809,0.338822318,0.252908432,0.197307879,-0.193923416,-0.012062006,-0.856505004,0.922651709,-0.299546024,-3.458122882,3.158576857
9600,-0.151345554,0.374385078,0.319286882,-0.120869016,0.31390562,0.175530468,-0.139311778,-0.564493852,-0.102435198,0.049829198,0.389226663,0.146091355,0.18422109,0.316448044,0.182925284,-0.35291699,-0.014279735,-0.85897476,0.82531423,-0.319462453,-3.072905548,2.753443095
9700,0.166581731,0.270057471,0.350866875,-0.026082331,0.497083218,0.020696221,-0.196972214,-0.676956428,-0.184459764,0.080189957,0.148355517,0.310283422,0.028128427,0.130762975,0.06948359,-0.574528265,0.089533429,-0.855108292,0.362802533,-0.072747888,-2.970316477,2.897568589
9800,0.556283194,0.041973407,0.415807448,-0.287185866,0.449970311,-0.251087645,-0.050165865,-1.00341431,-0.147192805,0.064823749,0.138510573,0.651345714,0.159319939,0.168278156,-0.470802208,-0.65670667,0.174867185,-0.628162185,0.761863708,0.038817691,-2.941284001,2.980101691
9900,0.588861708,0.117907844,0.262403021,-0.219386725,0.314981345,-0.15236795,0.063143417,-1.055997363,-0.27349519,-0.086083315,0.052245168,0.380970164,0.195527935,0.304580075,0.589824466,-0.489356793,0.177340211,-0.680833369,0.787800503,0.067776652,-2.258649001,2.326425653
10000,0.359686807,0.106871628,0.217376594,-0.267735662,0.283321297,-0.36821916,-0.295912168,-1.068319568,-0.381027293,-0.075854234,0.105598027,0.211479789,0.259250518,0.244002833,0.136392812,-0.271811418,0.17628809,-0.583230332,0.619750077,-0.068899459,-2.027055001,1.958155542
10100,0.638659055,0.288343142,0.319103167,-0.272322931,0.383194698,-0.153633392,0.00432338,-0.785317018,-0.32413537,0.094559468,0.115343606,0.255951347,0.07826986,0.1255806,0.291473688,-0.220160331,0.244560517,-0.497546715,0.588824923,-0.057080093,-2.060812453,2.00373236
10200,0.229805555,0.21775565,0.25107874,-0.314995199,0.525035713,-0.15831167,-0.175519008,-0.437405323,-0.228298352,-0.034392656,0.22295496,-0.128969156,-0.038293886,0.075351967,-0.014915002,0.329537803,0.078344519,-0.48111962,0.493296032,-0.182012684,-0.713223474,0.531210789
10300,-0.017406003,0.323946157,0.185482313,-0.248857255,0.534606631,-0.047230077,0.088447083,-0.468733605,-0.096610339,-0.029936981,0.019674644,-0.7889118,-0.170452246,0.101038655,-0.03968995,0.061191971,-0.008172841,-0.495555103,0.089496146,-0.324862265,-1.288185465,0.9633232
10400,-0.535679061,0.255204667,0.122477886,-0.030228996,0.302675675,-0.044694049,-0.000926993,-0.488010827,0.118324591,0.006655458,-0.110204431,-1.08013672,0.007165007,-0.084907725,-0.061831597,0.3265738,-0.016705785,-0.468754283,0.03622383,-0.252284291,-0.725674488,0.473390197
10500,-0.141973459,-0.007275187,0.312119546,-0.020744264,-0.70314967,-0.264719512,-0.096789884,-0.203026841,0.063428442,-0.040069001,0.109891025,-0.617343304,-0.002056986,0.143073411,-0.197643459,0.172230979,0.098876022,-0.213351196,0.340670904,0.259322229,-0.583213504,0.842535733
10600,0.146792149,-0.142199509,0.389318206,0.053029463,-1.483776287,-0.182939002,0.050629851,-0.217411835,0.108781985,-0.163918439,0.026819125,-1.087337594,-0.039195812,0.031940616,0.121173924,0.268087533,0.145902301,0.076357264,0.021555068,0.297217913,-0.177540489,0.474758401
10700,0.179035655,-0.221688831,0.55641588,-1.469554237,-1.69378376,0.052467899,0.556692385,-0.136114006,0.024916165,0.067148365,-0.10669442,-0.861671736,-0.009482068,0.045192024,-0.050299808,0.025676937,0.395983632,0.260886988,-0.205354645,0.42533388,0.531793509,-0.106459629
10800,-0.272489746,-0.249324668,0.587024525,-3.210750247,-1.165114962,0.03541299,0.847942334,0.219448158,-0.069953498,0.259731508,-0.073796647,-0.778817159,-0.056975269,0.155367568,-0.576641735,0.394449624,0.189099659,0.404555414,-0.228306884,0.585786126,1.402068964,-0.816282837
10900,-0.24718095,-0.463489505,0.7114632,-1.044225635,-0.178451584,0.244069169,0.80517149,0.371356157,-0.026960627,-0.420832946,-0.049067727,-0.576047239,-0.071813334,-0.090041502,-0.671037648,0.245620261,0.364331725,0.702847042,-0.723210232,0.541263372,2.393343,-1.852079627
11000,-0.170078284,-0.224333231,0.805128875,0.132667612,0.012893608,0.038820236,0.469321912,0.534049463,-0.072933516,-0.115006756,-0.115703116,-1.050308491,-0.095413029,-0.075021664,-0.679154535,0.061334967,0.361612722,1.401964437,-0.392933632,0.587085418,1.084099476,-0.497014058
11100,-0.656160272,-0.13909425,0.510813865,-0.425761293,0.006917476,0.062280932,0.667795609,-0.19970321,0.00641518,0.169180779,-0.17270756,-1.002025038,-0.021246226,0.035726751,-1.065226808,0.479692578,-0.010821014,1.703433836,-0.396405928,0.648755287,2.209137071,-1.560381784
11200,0.179390473,-0.22074927,0.072207885,-1.013089719,-0.160333383,0.038970805,0.686008652,-0.726522217,-0.053162234,-0.096020503,-0.1659747,-1.036126239,-0.075555325,0.091491263,-0.713376025,-0.076360442,0.105796699,1.57415236,-0.438596788,0.46080139,2.364938523,-1.904137133
11300,0.260863275,-0.455274289,-0.095456117,0.083240407,-0.381273144,-0.020532515,0.571377805,-0.540376904,-0.206436317,-0.344905557,-0.128814806,-1.0138898,-0.186395894,0.144017406,-0.725855832,-0.461859502,-0.21795605,1.979994484,-0.234205971,0.45409553,2.081687047,-1.627591517
11400,-0.322814272,-0.245930308,-0.425226119,1.05955418,-0.748470301,0.153082995,1.839238267,0.125351756,0.032890093,-0.356871516,-0.347650893,-0.957781663,-0.064978788,-0.199563047,-0.666839758,-0.326657206,-0.340971573,2.656680176,-0.2596361,1.001527973,4.370595715,-3.369067741
11500,-0.21278556,-0.094062327,-0.734981114,0.817512473,-1.109788858,0.183462231,1.640057301,0.571036084,0.485784696,-0.253849123,-0.369489146,-0.686921006,0.063553546,-0.129517995,-0.664101713,-0.226302853,-0.249161755,2.804031781,-0.500713247,0.632355517,0.246701428,0.385654089
11600,0.253161478,-0.082516346,-0.804085105,-2.232576984,-1.426008393,0.223813809,2.077271469,1.451082915,0.683617088,-0.11719603,-0.377023495,-0.999478884,0.112967488,-0.172434395,-0.135131849,0.035010882,0.056400233,2.900711913,-0.981171839,0.777883946,0.471079452,0.306804494
11700,-0.425221065,0.005829634,-0.805991127,-0.71338641,-1.65639331,0.135368259,1.181286752,1.897911168,0.666995643,0.032861704,-0.384996268,-1.253778466,-0.065654421,-0.250837005,-0.357019975,0.253382319,0.24525461,3.011567793,-1.402132009,0.89000295,10.63351803,-9.743515075
11800,-0.594189586,-0.074215385,-0.857371118,1.168870628,-2.098542552,0.112547464,1.140359241,2.241457052,0.523813833,0.046156839,-0.465814695,-1.5903436,-0.240807566,-0.526336305,0.659915085,0.711480187,0.14821676,2.781791918,-1.499079184,0.090097746,10.86773464,-10.77763689
11900,-0.33147836,-0.032905404,-0.92300114,1.337499863,-2.538867294,0.233551194,0.912611499,2.308473365,0.655591472,0.300453603,-0.688301965,-2.018008541,-0.153071091,-0.569699034,1.539406935,1.725996597,0.138878312,2.797556534,-1.869072181,1.57194817,12.86530391,-11.29335573
12000,-1.20579456,0.082850742,-0.939652102,1.445064625,-2.692836429,0.321302115,0.68621495,2.329355734,0.697980186,0.344772708,-0.835330609,-1.651076662,-0.246196771,-0.703084856,1.518894038,2.552639625,-0.194423256,2.958857993,-2.186073655,0.995552385,10.30307381,-9.307521425
12100,-0.661920073,-0.145043007,-1.095621102,1.179694254,-2.606697531,0.402796117,0.441241331,2.42241176,0.816673097,0.295873633,-0.979029498,-1.682709236,-0.443096902,-0.773400057,1.594803154,2.649520308,-0.440442835,3.230420926,-3.398876622,0.488363796,13.12390843,-12.63554463
12200,-1.224858282,-0.280113756,-1.316204102,1.319987764,-2.56057872,0.448266948,0.501228088,2.419306938,0.673193136,0.182713792,-1.12456306,-2.02052175,-0.331234766,-0.775483565,1.814478042,2.507817995,-0.380062029,3.500957855,-3.946794656,1.040116321,10.29210721,-9.251990893
12300,-0.618168378,-0.164717445,-1.451812102,1.42883938,-2.469462641,0.746511366,0.410518683,2.344274265,0.308462634,0.016280775,-0.797617182,-1.68949429,-0.372420282,-0.548488851,2.027846005,2.234487199,-0.504199316,3.613210042,-2.900096868,0.842742254,12.72329905,-11.8805568
12400,-0.646314214,0.199119557,-1.508769161,1.325442799,-2.343099496,0.840390126,0.476435477,2.339043254,0.352755221,0.019049726,-0.555142536,-1.264715322,-0.27171146,-0.694922438,2.162499541,2.17048593,-0.580767055,3.59877536,-2.359718245,0.937863708,13.01609631,-12.0782326
12500,-0.374610802,0.086315116,-1.246827125,1.598853158,-1.956777286,0.980112837,0.470756074,2.177013692,0.575532832,0.073310831,-0.451160016,-0.907792347,-0.132179082,-0.493439317,2.286267623,2.378880605,-0.618955666,3.450025417,-1.754912735,1.566647283,11.72906152,-10.16241424
12600,-0.051982577,-0.007448884,-1.05187759,1.883089022,-1.679275221,1.12807206,0.569921843,2.268964912,0.461909843,0.237100838,-0.353011789,-0.115176194,-0.139598593,-0.649199432,2.375348341,2.62684337,-0.417501495,3.198071735,-1.019407797,0.893020326,13.92361262,-13.03059229
12700,0.097260157,0.489725116,-0.672031114,2.636727172,-1.251458755,0.913829923,0.559756882,2.149932301,0.614709845,0.317016909,-0.018149579,-0.213916353,0.014717055,-0.307654602,2.058682155,2.575090373,-0.536144815,3.219783909,-0.861969068,1.330485923,15.29744264,-13.96695672
12800,-0.215887863,0.764086116,-0.474407113,2.727741908,-0.641690191,0.810046477,0.556379909,2.025189899,0.635843241,0.300236923,0.035094271,0.116394933,0.299184349,-0.259799574,1.797255001,2.476240038,-0.541189399,3.217482122,-0.5237981,1.288025673,8.247480834,-6.959455161
12900,0.060560378,1.057620463,-0.470148112,2.616211162,-0.279550143,0.875917312,0.143979619,1.646929816,0.280128918,0.269976725,0.321027896,0.59378448,0.119824564,0.189062056,0.658877816,2.107607106,-0.603332292,2.802222296,-0.162118527,1.047726557,4.456496571,-3.408770014
13000,0.603320361,1.330696216,-0.480663117,2.38551448,-0.213751791,0.768578118,-1.583185999,1.172558767,0.116168264,0.309217975,0.511061343,0.771050807,0.312979677,0.365680407,-0.211023457,1.655611922,-1.250756324,2.477667319,0.882556291,1.195822884,6.718728523,-5.522905639
13100,0.537914837,1.622698969,-0.455127114,2.273978926,-0.05247651,0.83971523,-1.753824614,0.372457678,0.196379851,0.238272825,0.543145724,1.402860092,0.324816,0.281064299,0.60384126,0.55429805,-1.32366831,2.033175323,1.476706109,1.313511536,11.32940693,-10.01589539
13200,0.631083025,1.365906722,-0.474679125,2.123431563,0.010798045,0.860755854,-1.850182366,1.061528968,0.212380552,0.283140491,0.305816358,1.079701608,0.433391937,0.095988873,0.866231674,-0.197502002,-1.247524609,1.757334974,1.321222907,1.123730409,8.206556234,-7.082825825
13300,0.392884187,1.499217021,-0.252075114,2.185889772,0.1477356,0.873763056,-2.088185069,1.140584748,0.17502345,0.21228927,0.569462374,0.955628987,0.245378417,0.145240168,-1.087507652,-0.086320773,-1.589833258,1.680948984,1.050601035,1.341968298,4.501836476,-3.159868178
13400,0.185746748,1.478098021,-0.120136102,2.305603218,0.356593118,0.991405893,-1.887503906,1.237816472,0.243300434,0.253814523,0.646222676,0.752706429,0.330671882,0.233766295,-1.497753994,0.031105401,-1.613277879,1.41527065,1.345690282,1.19630005,2.998563524,-1.802263474
13500,0.700826086,1.433053521,0.04817291,2.24385221,0.490018287,0.588240838,-2.118158371,1.1582667,0.307749379,0.260368572,0.680934903,0.413828928,0.390174433,0.136127715,-1.746529755,0.469147315,-1.945641724,1.302744391,1.473970331,0.37496038,1.805877,-1.43091662
13600,0.436846229,1.296915021,0.225676863,2.128596051,0.681576381,0.464354577,-2.353387604,0.458789711,0.407213152,0.277074388,0.604438897,0.639012829,0.431473994,0.00101554,-1.166019372,0.341474978,-2.026350729,1.241901006,1.128618232,1.239313607,6.00927876,-4.769965153
13700,0.735489193,1.478625021,0.487197934,1.7176782,1.070154529,0.539726772,-2.111831968,1.434040117,0.228248562,0.434135627,0.673915048,-0.057181117,0.350582904,-0.036997639,-0.720645981,-0.060763267,-1.886955972,1.162296382,1.140109239,0.953828579,1.886771619,-0.93294304
13800,0.202086383,1.170154377,0.494503886,1.233599588,1.300507935,0.465790807,-2.407422936,1.625404968,0.497281365,0.387015001,0.434487366,-0.404997993,0.25282386,-0.169149241,-0.975204091,0.113340136,-2.010659659,1.026141151,0.782502422,1.256244888,3.538419976,-2.282175087
13900,0.025259467,-0.839960297,0.618566839,0.816973284,1.481652954,0.203429453,-2.586896637,2.53609573,0.619940445,0.375063261,0.091087285,-1.462230908,0.173049612,-0.44317655,-0.639053276,-0.133576662,-2.050304534,1.097505187,0.169430716,0.59907948,1.791785428,-1.192705948
14000,-0.401557775,-3.572733733,0.32627091,0.797537405,0.982436268,0.210290578,-3.74152604,1.133601102,0.482967549,0.02251832,-0.213134429,-1.849919457,0.195636336,-0.705136629,-2.111887298,-0.566654381,-3.588440571,0.392194798,-0.464543969,0.499521763,6.598784214,-6.099262451
14100,-0.522487116,-2.399208407,-0.076566812,1.297045409,0.357906462,0.356194746,-4.200546756,0.313481552,-0.333592926,-0.256453717,0.003594653,-1.450249775,0.298302766,-0.383269853,-3.762662872,-0.608411014,-4.220362753,-0.399557685,-0.071524297,0.068045492,0.438615976,-0.370570484
14200,0.217348504,-1.508387081,-0.126485415,1.609289528,0.254951086,0.371666862,-4.377656048,0.349979954,-0.520880374,-0.084642539,0.592097832,0.451170907,0.737210687,0.414638956,-3.532535599,-1.091084212,-4.477839446,-0.605806196,2.619580476,-0.189628207,-0.555533525,0.365905317
14300,0.727395204,0.412683245,0.171354863,1.954761622,0.546531452,0.46261714,-3.225314037,1.138352642,-0.122625843,0.450131788,1.186915637,3.040296235,1.151563114,1.073270625,-2.526126816,-0.444790449,-3.196614854,-0.24056153,4.543971816,-0.025009478,-2.488321474,2.463311996
14400,0.649231121,0.747420596,0.644932886,2.112126603,0.677075645,0.393814795,-1.792700514,1.286233957,0.188253809,0.655685652,1.143858625,2.70100024,1.09417995,1.284507124,-1.077316422,0.421541777,-1.646766292,0.994466888,4.625725124,0.658191833,-2.206197444,2.864389277
14500,-0.2037079,-0.1363639,0.74406291,1.831543824,0.751910338,0.291112303,-0.90649095,1.153306222,0.276308731,0.656951709,0.453853227,1.176793483,1.000134385,0.612416017,-0.677891468,1.385177496,-1.526370519,1.588967492,4.021285057,0.651545491,-4.558570477,5.210115967
14600,-0.305826647,-0.819664397,0.822425934,1.655531371,0.579260856,0.071970034,-0.741656037,0.88214752,0.456130266,0.519438158,0.036071128,-1.044502814,0.822019305,0.599863729,0.016831564,4.455586617,-1.244349056,1.752027555,2.961009389,1.080228836,-0.823451465,1.903680301
14700,-1.583067468,-2.812105631,1.176592815,1.913076938,0.285741084,0.043920889,-0.77972123,1.446186142,0.494944321,0.238218836,-0.473955735,-3.057647163,0.412034218,0.103742906,0.46734405,4.894960995,-1.028436195,2.664491209,0.828908386,0.844375245,11.43343771,-10.58906247
14800,-1.404607178,-4.403991927,1.345158815,1.587550559,-0.207382719,0.09939742,-1.10198835,2.539371305,0.523891511,-0.056329492,-0.474123958,-3.984290741,0.117808535,0.151628493,1.408143013,5.01539039,-1.193679461,3.290563888,-0.85443,2.210951677,10.28657002,-8.075618342
14900,-1.188104894,-4.616315824,0.95508991,1.309699631,-0.332130867,0.266597247,-1.082395411,1.526510033,0.21851974,-0.239272727,-0.47509031,-3.937562853,0.267996055,0.121504225,2.135520006,4.954239148,-1.087514541,3.592508694,-0.890680763,1.995261816,9.072665047,-7.077403231
15000,-1.051273678,-4.950743158,0.590670886,0.575115908,-0.575150515,0.410455168,,2.440728932,0.643792874,-0.267063716,-1.432849138,-4.197558455,0.456342694,-0.016925433,1.749821055,4.404920373,-0.476203964,3.810817541,-1.062183494,2.296637233,12.05570704,-9.759069811
15100,-0.518124682,-4.887459354,2.744473815,0.446843906,-0.646202164,0.5348422,,2.611252028,0.673947761,-0.180793662,-1.78331998,-4.028217139,0.323786026,-0.010346759,1.45838183,4.085607378,-0.18643234,3.903549544,-1.018202371,2.527843237,9.591029425,-7.063186187
15200,-0.660540433,-5.209331851,4.124732053,0.72027558,-1.128556297,0.54841119,,2.626664123,0.641968685,-0.11941318,-1.786319602,-4.2744446,0.163128758,-0.3362032,1.058606178,3.590772506,-0.292060065,3.699093471,-1.115911347,2.274680059,9.815600427,-7.540920369
15300,-0.944968609,-5.232911347,2.877979863,1.021451466,-1.706261853,0.513882227,,2.692998424,0.833070627,-0.132518658,-1.980663014,-4.386926563,0.195176103,-0.383688071,2.429162907,3.383262913,-0.366081777,3.690094024,-1.263035278,2.210664963,9.56908133,-7.358416366
15400,-1.413117681,-5.370621381,3.439210767,1.113571214,-1.827044912,0.434669919,,2.681744226,0.903674816,-0.26065198,-2.08682999,-4.629577113,0.138871794,-0.332388092,2.228936293,3.181324341,-0.705533545,3.644740927,-1.769697663,1.995156078,11.90509552,-9.909939446
15500,-1.33072591,-5.554435942,3.836019767,1.313874474,-1.696102309,0.329643843,,2.636545228,0.527653606,-0.375423898,-2.135707,-4.954748724,0.320409011,-0.309928111,1.938510795,2.982867053,-1.159464758,4.115943515,-1.904832935,1.985222826,11.95624891,-9.971026084
15600,-1.307074505,-5.774848439,4.506338958,1.080063857,-1.566126706,0.175912573,,2.389572583,0.56748271,-0.290692111,-2.089242013,-5.098278913,0.563013845,-0.197638469,2.523484339,2.667458169,-1.447581394,4.486768154,-1.664989924,1.909525399,9.498531952,-7.589006554
15700,-1.115329512,-5.451254836,5.309134672,1.049462239,-1.719492436,0.253209973,,2.171902977,0.591760363,0.006236672,-2.126754062,-5.356635366,0.551045885,-0.154340036,1.612236728,2.423426505,-2.092760661,4.443256065,-2.118137971,1.815070314,14.44188583,-12.62681552
15800,-1.424717607,-5.406973795,4.227328672,0.83938286,-2.150057771,0.145803246,,2.075517232,0.803470662,0.06991829,-2.375603277,-5.579587361,0.617500239,-0.034621553,1.108078743,2.325343977,-2.111368216,4.262979562,-2.3281102,2.207051702,9.715164145,-7.508112443
15900,-1.585231081,-5.540593592,4.341440958,0.718106277,-2.758119438,0.09907489,,2.154499999,0.82940932,-0.110848636,-2.422704526,-5.330676337,0.579704636,-0.035255196,1.082929458,2.253469383,-2.301365011,4.240218549,-2.499697803,2.074874231,8.563003619,-6.488129389
16000,-2.45529828,-5.758237777,4.549779767,0.628353739,-2.227482388,0.190298904,,2.394569466,0.976456668,-0.357212981,-2.039327363,-5.74982486,0.509803224,-0.048674837,0.826171257,2.197288413,-2.354162978,4.411091997,-2.419729602,1.949965982,10.55653024,-8.606564258
16100,-2.209660576,-5.799136128,4.656788958,0.534056202,-1.868326022,0.465497168,,2.264354894,0.756649782,-0.329821818,-2.169834315,-5.637499283,0.51773904,-0.296331518,1.393129734,2.049131887,-2.490170901,4.523504067,-2.375784289,1.551530895,12.39588329,-10.84435239
16200,-1.36847134,-5.884467379,4.979835672,0.725935667,-1.372093717,0.258800726,,2.473220161,0.752379921,-0.237439997,-2.418482092,-5.542957114,0.422716106,-0.613502321,1.658927999,2.39464241,-2.751090181,4.92870002,-2.589542992,1.535091634,8.969303114,-7.43421148
16300,-1.207086135,-6.07417513,5.229460863,0.916019478,-1.769016887,0.306383201,,2.636901428,0.77799943,-0.086470666,-2.405667266,-5.119688993,0.539868634,-0.378364979,2.033934503,2.63391521,-3.148042447,5.327668926,-2.972938028,1.479064796,9.52984505,-8.050780254
16400,-1.452278455,-6.27497551,5.196339767,0.351871511,-2.106593438,0.35529558,,2.935153383,1.012165581,-0.091540767,-2.372382849,-5.071121196,0.520834192,-0.488004829,-0.517773918,2.491816976,-3.092565947,5.497746887,-2.890939318,1.328782282,9.213765645,-7.884983363
16500,-1.680628757,-6.005662382,5.363680672,-0.55845716,-2.165735921,0.340807477,,3.168370377,0.763442352,-0.142826289,-2.74034583,-5.31901527,0.539252099,-0.339613062,-0.869506037,2.288142149,-3.21782603,5.445225153,-3.094100415,1.190979989,6.828450712,-5.637470723
16600,-2.20077027,-5.567507454,5.389180053,-1.502379951,-1.399078079,0.504397101,,3.576059671,0.846613621,-0.168323365,-2.541083775,-5.350457457,0.626076321,-0.506628049,-1.161995004,2.510709468,-3.203475913,5.273770763,-3.156820305,1.37370888,8.66170974,-7.288000859
16700,-2.340819657,-5.482160764,5.432372958,0.244879111,-1.390885278,0.723303821,,3.063877475,0.913654712,-0.225051887,-2.787104407,-5.187309326,0.660467735,-0.282979248,-1.160023033,2.716628462,-3.352558461,4.956112827,-3.342243779,1.136903803,7.644738214,-6.507834411
16800,-1.9230143,-5.203539536,5.327366072,1.875812452,-1.468331296,0.745307858,,2.55911698,1.050355073,-0.331291704,-2.865263643,-5.116298335,0.530460686,-0.313380138,-1.022793545,2.737968846,-3.374208455,4.450295653,-3.403548356,1.304009359,6.484154904,-5.180145545
16900,-1.427342454,-5.203612753,5.18270771,1.849951184,-0.877383327,0.584163858,,2.236585123,1.068733345,-0.391277927,-2.52893999,-4.986549055,0.655782994,-0.020722072,-0.887226588,2.807915697,-3.545630065,4.394806588,-3.64032067,1.318564499,10.19247755,-8.873913051
17000,-1.533880205,-4.750073369,5.005915824,1.807320545,-0.389950001,0.665401231,,1.747899628,1.130315614,-0.243726013,-2.339919907,-4.679583713,0.75891718,-0.119951892,-0.623316003,2.788916779,-3.508596356,4.385867878,-3.521885479,1.220232757,7.238314809,-6.018082053
17100,-1.907904571,-4.602203336,4.790371939,1.209631635,-0.184153489,0.761755095,,1.616604075,1.308372952,-0.082817233,-2.110779512,-4.943207109,0.819611008,-0.13963206,1.040043272,2.504421524,-3.524733153,4.223949698,-3.703073444,1.016194611,6.527933829,-5.511739218
17200,-1.704254447,-4.675081836,4.457376053,0.915324845,0.011166693,0.984806645,,1.541296123,1.46548236,-0.119899301,-2.194158799,-4.79453468,0.787541031,-0.320077779,0.899872966,2.081094328,-3.626861225,4.232089824,-3.251769558,0.766440688,7.612310735,-6.845870047
17300,-0.942930114,-4.478103141,5.442156053,0.837816204,0.113680361,0.788696094,,1.449264932,1.423434966,-0.17725185,-2.307434784,-4.72810018,0.884582597,-0.504074975,0.451243487,2.07482922,-3.846822996,4.032387424,-2.32728011,0.81333327,6.272960214,-5.459626944
17400,-0.076158457,-3.812299242,6.523999053,0.800557563,0.352759275,0.75395774,,1.25870928,1.427840012,-0.131449367,-2.346176086,-4.163429787,0.99018167,-0.510702814,0.263523395,2.105640441,-4.062478369,3.917032255,-1.463063518,0.710873447,10.19376121,-9.482887768
17500,-0.243910562,-3.009427536,7.303579053,0.841151922,0.61142719,0.849514407,,1.309957517,1.261482855,-0.174886649,-2.041365117,-3.749928867,0.993897898,0.05501163,1.284264839,1.639632568,-4.201753452,3.420381626,-0.600891296,0.533197679,3.144998427,-2.611800747
17600,-0.104077322,-2.338596836,8.263031049,1.0567877,0.759391105,1.012824083,,1.241965655,1.187297381,-0.132926031,-2.377584338,-3.772601685,1.174570705,0.172100805,0.329456019,0.963464939,-4.377899682,2.863177399,-0.182010534,0.386173875,4.751495214,-4.365321339
17700,-0.144755045,-1.731003832,7.199454863,1.174093726,1.161008306,0.943156157,,1.31213883,1.138507161,-0.175498443,-1.882569282,-3.372136893,0.932333029,0.144329399,0.907267403,0.37485299,-4.78968935,2.567709429,0.085357514,0.285962662,5.998457236,-5.712494575
17800,0.337765222,-1.270031403,6.103892672,1.360719752,1.506088253,0.889546162,,1.354812668,1.187625687,-0.245277224,-1.630774495,-3.017084111,0.88820385,0.16400177,0.277314972,0.322312475,-5.062805935,2.189340189,0.583358604,0.100209237,5.907352857,-5.807143619
17900,0.466844207,-1.501427831,5.066979958,1.560623023,1.969859166,1.061428053,,1.264816905,1.143473891,-0.270756463,-1.565970084,-2.464153531,1.053399934,0.27943752,0.32716353,0.120014424,-5.635174094,1.651325766,0.850641839,-0.217596649,6.190858312,-6.408454961
18000,0.608078419,-0.781577143,3.885924767,1.578223985,2.313032619,1.065783178,,1.266957842,1.099297091,-0.231375867,-1.355166965,-1.9686373,1.256616417,0.189507162,-0.074299108,0.024084309,-5.677011295,1.462737649,1.49055266,0.03757436,5.726654829,-5.689080469
18100,0.788572181,-0.196555822,4.528526752,1.535430947,2.374108637,1.069436059,,1.40147858,1.12234073,-0.110365904,-1.107990875,-1.54885517,1.328702346,0.449933212,-0.633727921,-0.09881555,-5.699233704,1.490803829,1.758246839,-0.083152231,6.777199239,-6.86035147
18200,1.141597878,-0.251242122,5.24241126,1.475339044,2.276080345,1.215616893,,1.292892932,1.250042841,0.090239913,-0.771078382,-1.861425173,1.43829544,0.40558368,-0.189833396,-0.168578032,-5.793853308,1.666794818,1.759353287,-0.181894509,6.293166524,-6.475061033
18300,1.194657484,-0.139647122,5.844315244,1.668238501,2.222655968,0.928361162,,1.192821623,1.285018328,0.156770121,-1.067999144,-1.453266438,1.516421749,0.634468192,0.275897387,-0.261961563,-6.408980661,1.836212895,2.087718559,-0.232593539,9.589020925,-9.821614464
18400,1.393468348,0.280321361,7.321852859,1.686356853,2.489454971,0.885946145,,1.101407375,1.388977007,0.271268838,-0.868352217,-1.338806928,1.589609735,0.761838107,-0.845546549,-0.368903929,-5.997277513,1.917617298,2.448170237,-0.100236264,5.093961881,-5.194198145
18500,1.057375732,0.526767367,8.621688979,1.672357471,2.666530473,0.759317747,,1.081655028,1.350231073,0.233238917,-0.70054178,-1.382282348,1.654917078,0.796901315,-0.461698576,-0.544165164,-6.187767437,1.945836707,2.136843111,-0.057317132,4.362483427,-4.419800559
18600,0.901117621,0.147333543,8.308619669,1.675946089,2.82573446,0.833495657,,1.027724389,1.315080111,0.241876412,-0.295785708,-1.539021335,1.836320821,0.631931326,0.614968537,-0.461048423,-6.45300698,1.667491296,2.185981273,-0.117706248,2.57400407,-2.691710318
18700,0.845429748,0.074611409,8.230321859,1.827346707,2.689156171,0.931278219,,0.943868251,1.402351736,0.348792964,0.023800795,-1.471780457,1.515707098,0.650130085,-3.315573753,-0.344193306,-6.654065906,1.503253264,2.505930985,-0.268350178,5.550953856,-5.819304034
18800,0.958665264,-0.002765839,7.949686049,1.819242325,2.436287857,1.099508747,,1.018790313,1.488016598,0.458866034,0.336499163,-1.296290541,1.562114272,0.442729756,-0.5545698,-0.600887077,-6.630024324,1.611522131,2.601960486,-0.798642303,6.960102354,-7.758744657
18900,0.803583707,-0.000717836,7.814987669,1.922709942,2.727188221,1.081226299,,1.030286613,1.570827848,0.405428678,0.030162031,-1.699445787,1.70215866,0.739963628,-1.455867682,-1.353425453,-6.784438744,1.427141285,3.542025764,-0.890512667,4.048346907,-4.938859574
19000,0.966396064,0.572664579,7.752278249,1.930126371,3.050073574,1.253823267,,1.062083575,1.542447935,0.389116012,-0.031698916,-1.411044932,1.864330677,0.958694549,-0.25018097,-2.013120341,-6.987273037,1.141356902,3.858998415,-0.99562668,4.773878236,-5.769504916
19100,1.434677856,1.150095724,7.506046859,1.89304676,3.253067562,1.144413851,,1.259316775,1.479412801,0.332718229,0.008218001,-0.991974522,2.109613024,0.899807949,-0.171066826,-1.226998142,-7.087163707,0.970502063,4.304670191,-1.152025522,6.617923812,-7.769949334
19200,1.309740198,0.823180444,7.889500449,1.93524691,3.081093716,1.175720602,,1.562634075,1.482378482,0.307713215,-0.013255527,-1.112305671,2.014344339,1.129895855,0.174661717,-0.651353481,-7.017338571,0.76280136,4.38995419,-1.027735847,6.341705003,-7.36944085
19300,1.196905017,0.80435424,8.027859089,1.882596157,3.015632832,0.915502114,,1.632865254,1.478445882,0.444283028,0.187897157,-1.133418582,1.976292189,0.674347163,-0.025315033,-0.419692049,-7.166013588,0.61245902,4.37222109,-1.127877644,4.777930717,-5.905808361
19400,1.042371877,0.732098767,8.319848169,2.06572166,3.25226778,1.127469784,,1.744916233,1.491299383,0.518054562,0.048532906,-1.100838009,2.020921411,0.94601023,0.246668052,-0.638675841,-7.144485191,0.840375771,4.419775743,-1.064752332,4.713084308,-5.777836639
19500,1.382235823,0.686617611,7.520155479,2.086583402,3.28111766,1.839460058,,1.859890811,1.227742568,0.412042914,-0.133240933,-1.033677019,1.928449952,1.008971254,-0.123400568,-1.006936536,-6.953572725,1.072500028,4.204987318,-1.08946375,6.300711239,-7.390174989
19600,1.53057934,0.568092631,6.692540244,2.165951905,3.308102837,1.973611912,,2.03043499,1.064889064,0.24811091,-0.15129037,-0.856840104,1.949804585,0.952453817,0.116430053,-1.074988432,-7.168203705,1.397772043,4.231413412,-1.115150098,5.893412714,-7.008562812
19700,1.166473867,0.808473275,5.823721053,2.29824079,3.310629772,1.846550824,,1.981565969,0.911604065,0.336095792,-0.026153528,-0.731887652,1.777852237,0.854463055,-1.179227374,-1.17379366,-7.044540458,1.345548494,4.043025714,-1.371169323,7.353335449,-8.724504772
19800,0.99958722,1.065199602,6.329115981,2.225170181,3.250670568,1.746815855,,2.277757547,1.022750202,0.503276678,0.053945329,-1.152067146,1.541956365,0.763947767,-0.744247705,-0.766633246,-6.81871674,1.262212232,3.812802636,-1.539769737,5.410385834,-6.950155571
19900,0.872254787,0.725775491,6.677182863,2.076053572,3.246758054,1.873896633,,2.289320126,1.194786693,0.445409504,-0.345952557,-1.015830589,1.277392924,0.863537554,-0.413738767,-0.812226978,-6.630058285,1.054835218,3.757169244,-1.539073316,7.04254074,-8.581614055
20000,0.653057609,0.763354256,7.057801244,1.985152725,3.142257005,1.668625237,,2.562678205,1.227322272,0.367115634,-0.480651412,-1.365598829,1.146854533,1.168476206,-1.011095066,-1.641513333,-6.860103329,1.009499292,3.996138819,-1.356878346,7.559099735,-8.91597808
20100,0.98776502,0.571465878,7.308540669,2.10026972,3.100529456,1.909731871,,2.54930146,1.452404185,0.342869405,-0.10008602,-1.527590237,1.282418808,1.001827338,-1.564652178,-1.7394242,-6.947900282,0.567066365,3.981514383,-1.455456906,7.282322215,-8.737779121
20200,1.18334525,0.450098278,7.506657479,2.27696218,2.885325182,1.785319373,,2.677420939,1.527099752,0.409490566,-0.398144644,-2.064482903,1.161333784,0.69871645,-1.644278009,-1.835765567,-6.819355145,1.507070543,3.720102251,-1.438195018,7.856232809,-9.294427827
20300,1.152824773,0.417313878,7.716789249,2.33032164,2.750802851,1.661880733,,2.779561418,1.683796729,0.449870971,-0.448766484,-2.109892504,1.247430138,0.796392774,-0.647132743,-1.783460783,-5.776249678,1.494186159,3.894819082,-1.268445647,8.119438355,-9.387884002
20400,1.626753095,0.474412278,7.891605049,2.612654101,2.858321317,1.607746587,,2.975271097,1.905946439,0.328848868,-0.291525179,-1.532370893,1.633666427,0.766709277,-0.828880453,-1.608340471,-6.043035416,1.577666394,3.886436871,-1.144811017,10.27061862,-11.41542964
20500,1.662708078,0.35930087,8.014448859,,3.078325574,1.956230195,,3.015256075,1.795295337,0.180311413,-0.405204974,-1.582619295,1.55456717,0.799268185,-1.22155066,-1.575198243,-6.28631088,1.492119709,3.682230928,-1.184749818,11.07624274,-12.26099256
20600,1.135404845,0.164018398,8.071048479,,3.20494083,1.46950867,,2.935501946,1.65132632,0.356561932,-0.534180864,-2.223889871,1.732324561,0.699934405,-1.260968219,-1.689410029,-6.56934166,1.512334932,3.808290984,-1.220895531,4.787500117,-6.008395648
20700,1.129675589,0.236120502,8.173963049,,3.306031099,1.47950486,,2.979524016,1.447197998,0.22028556,-0.356312146,-2.124947752,1.748617053,0.663975035,-0.957719773,-1.649396812,-6.628888946,1.574819969,3.489100307,-1.238104771,6.744748049,-7.98285282
20800,1.40932283,0.444624723,8.126723669,,3.331033441,1.524258704,,2.908088963,1.613012067,0.151111602,-0.297727368,-2.187834958,1.719191496,0.765609568,0.21549138,-1.736940163,-6.536801723,1.395439809,3.692996746,-1.388064744,7.102877122,-8.490941865
20900,1.350819801,0.370872111,8.244442249,,3.448346841,1.205135566,,2.897434434,1.882366939,0.153122323,-0.371296414,-2.377659051,1.874842597,0.920474309,-0.983491517,-1.75690445,-6.77462569,1.432786161,3.774863383,-1.305815834,10.82033831,-12.12615415
21000,1.426792459,0.146895275,8.652515249,,3.55662371,1.244729846,,2.887328904,2.078528258,0.242464598,-0.362054118,-2.374799706,2.086519355,0.95481447,-0.720258049,-1.680725418,-6.822134874,1.579662939,4.089466699,-1.32424044,8.265911235,-9.590151674
21100,1.416812527,0.176457439,8.984254249,,3.631267578,0.786469161,,2.879531675,2.062280689,0.330734048,-0.429238861,-2.351758099,1.956229992,0.952804473,-0.704388343,-1.720336456,-6.763468525,1.966599773,3.984292838,-1.240057482,7.575513639,-8.815571121
21200,1.014908932,0.129802259,9.329070249,,3.525637411,0.40665124,,2.801307022,1.972076755,0.345365376,-0.346501281,-2.252609409,1.869736172,0.93300297,0.439289105,-1.709028472,-6.800110515,1.934502353,3.970905161,-1.367421657,9.57470162,-10.94212328
21300,0.60972715,0.245795559,9.816895249,,3.34784614,0.972236119,,2.794066292,1.791162013,0.315527742,-0.318533265,-2.198766555,1.865988469,0.794387374,0.611877674,-1.506627203,-6.850379464,2.31436361,4.268461152,-1.196971246,10.7214824,-11.91845365
21400,0.411071103,0.325454959,9.382891829,,3.199127136,1.325914653,,2.831628663,1.750090129,0.368371716,-0.356188789,-2.196458673,1.803985944,0.75854576,-0.272009844,-1.187184186,-6.848082681,4.176046665,4.170661288,-1.046849994,9.575268095,-10.62211809
21500,0.836209857,0.028426259,8.745638359,,3.365767539,1.364658897,,2.761260333,1.818923608,0.409386492,-0.09786582,-2.269105877,1.812099901,0.584630646,-0.973824544,-1.193544366,-6.793473344,3.866073935,4.111982871,-0.961615461,8.098626335,-9.060241796
21600,0.694216349,0.461719811,8.116261939,,3.375783953,1.719565294,,2.74187838,1.91056733,0.281474125,-0.355483813,-2.378094917,1.923231141,0.547433941,-0.999043633,-1.205840899,-6.789232923,3.742326967,4.204842575,-1.006021283,9.48691412,-10.4929354
21700,0.624213726,0.592448939,7.547199519,,3.361257289,1.623658282,,2.721883151,1.681735615,0.152697434,-0.377826252,-2.313890711,2.122288182,0.547580597,-1.008212483,-1.111027051,-6.712145889,3.679508066,4.261361118,-1.028846419,11.89935372,-12.92820013
21800,0.813341612,0.896576167,7.054797053,,3.252575824,0.124107159,,2.775127221,1.194892656,0.296242638,0.193421031,-2.153491185,1.914990144,0.643766186,-1.01491879,-1.078998454,-6.538585545,3.65951204,4.019339294,-1.132238828,9.528704715,-10.66094354
21900,0.728255652,0.938755306,6.921099084,,3.205761358,0.312032786,,2.735574092,1.308807839,0.33991878,-0.014101712,-2.107809724,1.741224092,-0.818441598,-0.560230658,-0.878405142,-6.608587255,3.657888014,4.354555061,-1.243868222,8.76883502,-10.01270324
22000,0.223891877,1.031234935,6.815537069,,3.130284838,0.374210169,,2.630695639,1.305766663,0.341743079,-0.487847557,-2.045041475,1.409581537,-0.518313823,0.122803936,-0.732124449,-6.687225194,3.690064769,4.347275656,-1.299750619,7.017689809,-8.317440428
