,time,new_zealand,greenland,n_atlantic,s_atlantic,indonesia,japan,oregon,alaska,china,congo,mediterranean,antarctica,arabean_sea,gulf_of_mexico,e_pacific,s_australia,philippines,s_america,iceland,scandinavia,w_africa
1,100,0.680290707,-3.675437072,9.778283965,-0.216242185,-0.508829071,1.15917687,NA,0.377085718,NA,NA,-0.375018231,2.03505355,3.204439364,1.155274991,NA,NA,0.636408558,NA,1.72907021,0.846331474,0.253305904
2,200,0.866353993,-2.740667953,9.558876356,0.258497826,0.991738745,0.614580227,0.881779224,0.416112649,NA,NA,-0.712755805,2.088183088,2.241885853,1.129788254,0.267032749,NA,0.262777824,NA,0.580746045,0.635892522,0.010461603
3,300,0.919344247,-2.599809441,9.501641514,0.468344432,1.128476758,1.002678629,0.954809106,0.70679386,NA,NA,-0.729582288,2.128330465,2.01060434,1.122767917,0.220604272,NA,0.51869609,NA,-0.117978761,0.435604357,-0.196430065
4,400,0.955914241,-3.112768524,9.507035578,0.677883454,1.218583648,0.694959731,1.162443764,1.215655801,3.517134861,NA,-0.391873069,1.552509073,1.88607689,1.027343822,0.289036276,NA,-0.086173799,NA,0.569330837,0.663854935,0.743314148
5,500,0.786921295,-2.795716001,9.553018916,0.482518999,0.869436622,1.170001148,1.436949772,1.427219557,3.728096443,NA,0.155530398,2.616601272,1.939963311,1.119792919,0.158905794,NA,0.563755029,NA,-0.940092894,0.238970895,0.772553261
6,600,0.54721135,-2.299038956,4.533659558,1.975928849,1.168951129,0.846386628,1.234699936,0.993514582,3.763246025,NA,-0.248767135,2.199883916,1.958843057,0.973443422,0.321039552,NA,0.252311936,NA,-0.500566174,0.259496288,0.592920226
7,700,0.479066275,-1.977403989,4.290238758,1.052825634,0.816107679,0.595311923,0.90038183,0.570916097,3.652161607,NA,-0.519497682,2.517728062,1.925662763,0.658213017,0.497254524,1.288663769,0.118582706,NA,-0.230920814,-0.346654369,0.467556592
8,800,0.391869906,-1.776268471,4.249450848,1.703554852,0.867122691,0.485739868,0.939284618,0.611422526,3.740376951,NA,-0.003927066,1.8248218,1.948521479,0.754327048,0.654786385,1.107564865,0.06535705,NA,-0.530952395,-0.419969078,0.593781644
9,900,0.483885996,-1.982895965,4.179973622,1.12954806,0.680055649,0.467219065,0.873590462,0.71132498,3.787971533,NA,0.349160151,2.090918267,1.733065152,0.757109645,0.884290231,0.861438326,0.19082788,NA,-0.844604123,-0.258468978,0.55653781
10,1000,0.633339367,-3.884884572,4.246562938,0.875410443,1.038603634,0.553785592,0.912950093,0.818281632,3.923857115,NA,0.218567607,2.065579769,1.478431914,0.636011639,1.100984344,0.795890326,0.411313566,NA,-0.044919581,-0.501697526,0.580451799
11,1100,0.760562878,-2.142231941,4.23192392,0.801611707,1.030058708,0.64649924,0.749305644,0.584478651,3.928762697,NA,0.203320743,1.932420688,1.573463169,0.684632738,1.418815787,0.806301326,0.362270464,NA,-0.289021046,-0.79647489,0.586090375
12,1200,0.557954262,-3.602765429,4.179264078,-0.085871028,0.808477364,0.626473865,0.793884978,0.915274839,4.021833279,NA,0.378003658,1.844391213,1.863764014,0.828834808,1.63206039,0.827671326,0.248884854,1.939515218,-0.45160574,-0.422987387,0.529004787
13,1300,0.368884568,-3.163468953,3.774010571,0.60078073,1.019097694,0.512694473,0.900697195,0.997972756,3.998621861,NA,0.621466289,2.021889724,1.973825864,1.688236598,1.61256443,0.706055673,0.272359604,1.901743278,0.201392166,0.145893611,0.57496709
14,1400,0.485192278,-3.471253024,3.79028617,1.541877896,0.715965651,0.475871897,0.600692662,0.960080762,4.049481142,0.937759416,0.663408031,1.758272075,1.574769084,1.919728368,1.38264547,0.690689308,0.567562868,1.914036337,-0.141891877,-0.578512612,0.374002396
15,1500,0.607840067,-2.536363477,3.894137431,1.635170869,1.037766386,0.73775022,0.48698366,0.73110184,4.047947184,0.950846318,0.5685234,1.94508285,1.40041158,1.914520842,1.149336622,0.597125942,0.472823086,1.842174896,-0.486842379,-0.628383802,0.341587605
16,1600,0.69900029,-1.385278525,4.134654409,1.298539792,0.985931522,0.807122679,0.742884814,1.786452813,4.203166464,0.907496524,0.432357081,2.480703524,1.556317638,1.803011851,0.877152815,0.420564577,0.648212565,1.854222956,0.100218569,-0.11351117,0.3879574
17,1700,0.592488351,-2.297518524,4.255580745,2.343254449,0.735995539,0.776436282,0.662723594,1.369834336,4.167958745,0.876580731,0.311550311,2.338055498,1.606251304,1.527125996,0.623832495,0.411710737,0.54946436,1.852238015,0.284545783,0.091378752,0.391267754
18,1800,0.562015606,-2.023064977,4.322532862,1.559904094,1.096891202,0.679476345,0.748286124,1.746737932,4.234218025,0.879351967,0.242525295,2.321233789,1.621298101,1.114327382,0.599430239,0.512990914,0.675611701,1.846418457,0.205601461,-0.026735995,0.387061645
19,1900,0.269359908,-3.914528953,4.234636147,1.961837292,1.204681379,0.950456162,0.509566219,1.284994846,4.199195067,0.813168174,0.061838364,2.19247631,1.614076726,1.323592208,0.420334457,0.569744031,0.479202172,1.859850025,0.031907797,0.050829118,0.255938024
20,2000,1.338435585,-3.108490429,3.998266485,1.439859847,0.861883273,0.404695814,0.485351669,0.91558083,4.071890348,0.761398173,-0.119034417,2.381194094,1.456769817,1.492278574,0.384282455,0.508211208,0.390332105,1.831835213,-0.660462498,-1.127783571,0.199604267
21,2100,1.238456938,-2.618549477,3.939678815,1.569016735,1.02731467,0.274381231,0.301563364,0.690384704,4.198902628,1.157686695,-0.173768132,2.48756935,1.248464907,2.069493444,0.361211512,0.555265385,0.453848648,1.812517782,-0.134166536,-1.126053183,0.177083321
22,2200,1.038486873,-3.666005429,3.840144162,1.132213671,0.893847983,0.256681935,0.782069025,0.349728193,4.168054909,1.521911218,-0.275122566,2.395273387,1.277755825,1.914450545,0.406760421,0.538793502,0.386612839,1.665720851,-0.114391546,-0.327301425,0.216568411
23,2300,1.145272407,-2.684980477,3.829834361,0.844239338,0.931361948,0.508721964,1.432049771,1.044080345,4.117927766,1.90074486,-0.540777348,2.269521873,1.318650037,1.474724659,0.619784774,0.643948338,0.491072035,1.604777825,0.110142026,-0.209122461,0.360865879
24,2400,1.369147281,-2.804972953,3.858420317,-0.194883012,1.199508381,0.283494816,1.218102768,0.909070001,4.041237861,1.86962627,-0.500564422,2.699846684,1.124282534,1.342588294,0.634894993,0.611921838,0.214902845,1.646585467,-0.700890275,-0.315407959,0.562805029
25,2500,1.159394682,-4.51189881,3.777345272,0.862641495,0.858652174,0.052170032,1.252090766,0.720674999,3.823620718,1.725124818,-0.731800235,2.135979125,0.845686901,1.221837836,0.639065817,0.639594338,0.653453851,1.540220728,-0.02482684,-0.353559072,0.555757325
26,2600,0.909110059,-2.902223405,3.945755484,1.91739259,0.970876514,0.343311431,1.10939606,0.983431034,3.760060814,1.775735528,0.005577513,2.532218627,0.833629661,0.993623013,0.714780685,0.588774326,0.368659208,1.40118737,0.154628119,-0.348312755,0.526969304
27,2700,0.96945002,-2.782293405,3.739271855,2.164667484,0.994228458,0.356199589,1.156556459,1.696961425,3.673408909,1.9469257,0.144392741,2.398918628,1.004452616,1.047329299,0.798512212,0.552886326,0.38514799,1.342405631,0.680213227,-0.239479682,0.597572733
28,2800,0.926668506,-3.979652048,3.223023994,0.658391895,1.125652336,0.450647949,1.047281997,1.485389511,3.546537766,2.053595872,0.582690437,1.925270059,1.097167867,1.18243344,0.570092699,0.505684326,0.541888208,1.341453732,0.450486825,-0.368951362,0.487512588
29,2900,0.904906431,-3.279297,3.485047674,0.572142969,1.104726841,0.585374741,1.349227978,2.09518185,3.485977861,2.064711917,0.577491975,2.038843841,1.15809843,1.357390408,0.418545026,0.399977143,0.016816754,1.285409431,0.93682533,0.271807031,0.335079242
30,3000,0.946596212,-1.224304953,3.666845835,1.190855344,1.049974155,0.678326459,1.555652112,2.337705262,3.523858718,1.934704834,0.365477193,2.317204464,1.045578907,1.428902655,0.228944871,0.366657112,0.0925177,1.34160469,1.368801135,0.583953754,0.674795204
31,3100,0.927886454,-2.172492953,3.719352095,1.866794815,0.948050429,0.404381039,1.392912553,1.581107009,3.333127814,1.785708795,0.055237485,2.148856788,0.798254217,1.321983322,0.395970442,0.392931081,0.140848207,1.258081389,1.478190395,0.731350209,0.684726568
32,3200,0.900105038,-2.026884477,3.548509585,1.371426692,0.916080173,0.202614665,0.885934111,1.368085724,3.146163909,1.452950263,0.266915995,1.977780386,0.841721792,1.039080392,0.587857482,0.349924361,0.111380794,1.238101647,0.998402636,0.39302588,0.509166563
33,3300,0.941209518,-3.779872453,3.407882059,0.614280642,1.066152477,0.507230905,1.404378728,1.378276577,2.95774789,0.990420791,0.027774594,2.08205309,0.790490367,0.753831611,0.507154932,0.231139361,0.151685042,1.266499346,0.238636504,0.302099309,0.387278826
34,3400,0.761398192,-3.028404048,3.490726638,1.318742222,0.987753804,0.356145543,1.512147585,0.890276299,2.686699871,0.731906023,0.026396608,1.827826964,0.885419942,0.649994009,0.220742804,0.195198347,0.017088484,1.148988537,0.384074352,0.114646924,0.417883478
35,3500,0.868740925,-2.412584048,3.416647602,1.223438084,1.045728694,0.591478469,1.804293725,1.548827583,2.525974852,0.481474722,-0.223696061,2.149757708,0.902048874,0.7742293,0.10559042,-0.032550652,0.363501004,1.204294743,1.588739407,0.731328911,0.325243168
36,3600,0.755950735,-2.023779429,3.450328484,0.80150363,1.239607855,0.42766475,1.642279266,1.705556654,2.239200833,0.277798281,-0.274629445,1.846238612,0.985222173,0.854848841,-0.009618484,-0.094451917,0.211704681,1.091007949,1.26566805,0.31302929,0.16186174
37,3700,0.90507683,-3.540586953,3.408971598,1.309497055,0.846174839,0.355209712,1.43736328,1.456165755,2.062306814,0.262509489,-0.252580319,1.649183415,1.068471129,0.911918166,0.040719712,-0.070558763,0.191756831,1.090921095,1.174289444,0.580482106,0.196757462
38,3800,1.013100426,-2.185258548,3.457186148,0.494966148,0.819245721,0.379114684,1.475904793,1.139032816,1.831818795,0.314471698,-0.224457152,2.166756628,1.02502221,0.9436884,0.020198631,-0.187862613,0.106572473,1.228892801,0.816991212,0.674926694,0.20795662
39,3900,0.935039862,-2.884941477,3.490993697,1.092626575,1.046965484,0.434004715,1.516410486,1.303266596,1.607832835,0.361613907,-0.21002776,1.980142673,1.169444045,1.064276975,0.023266966,-0.20580147,-0.045328726,1.04297129,1.000666309,0.414423701,0.342198389
40,4000,1.014399811,-2.418963977,3.439325484,1.292373449,0.854204098,0.327619063,1.808182414,1.176789376,1.372024816,0.255689766,-0.225975068,2.196730461,1.169597131,1.055504928,0.129224053,-0.30298132,-0.0515672,1.049725148,1.118303642,0.590271085,0.181235831
41,4100,1.168067971,-2.824285453,3.044210064,1.624334872,0.735787816,0.363327759,1.361077598,0.891919131,1.027232827,-0.025182284,-0.594127119,2.020385181,0.95150847,1.200260607,0.634559661,-0.290758991,-0.028959622,1.053434447,0.124172426,0.045010955,0.058946813
42,4200,0.886114256,-2.876859429,5.009639657,1.457078631,0.951185226,0.379058248,1.373002386,1.139990719,0.859848837,-0.302527345,-0.61785435,2.103248457,0.512896512,1.272286601,0.823939358,-0.369889528,-0.194322073,0.990722745,0.063754381,0.111578702,0.041075654
43,4300,0.989818919,-2.691957524,4.419180725,1.53162341,0.685887225,0.277742777,1.385106643,0.909545283,0.790475834,-0.24767467,-0.515020694,1.655162266,-0.023816316,1.292211376,0.70613359,-0.30755011,-0.602335101,0.961397103,0.297086691,0.338141995,0.05355524
44,4400,1.022251242,-3.413085501,3.975922717,1.642446607,0.880503609,0.244872808,1.253868062,0.952057572,0.777961838,-0.081992103,-0.607059894,1.670230143,-0.577788293,1.249832153,0.702141656,-0.442823662,0.097224972,0.866160402,1.30393637,0.571526916,0.33253935
45,4500,0.97943134,-2.146332929,3.606525025,1.387870632,1.000127768,0.294227,1.304150998,1.113877485,0.804361835,-0.189725681,-0.49691163,1.793600628,-0.916368217,1.089393591,0.559473622,-0.422978215,0.032010535,0.85140906,0.571171206,0.306932808,0.189734135
46,4600,0.707761678,-1.768187477,3.244620265,1.333032722,1.177330556,0.400071468,1.940404136,1.58262756,0.798189835,-0.351722581,-0.715186532,1.962378299,0.05422124,0.941208061,0.440823947,-0.51533505,0.115852952,0.83002899,1.21141021,0.61580297,0.356834047
47,4700,0.570616171,-1.6034345,3.376082957,1.534265211,1.008485601,0.555553098,1.729624537,2.003647989,0.853266838,-0.084999667,-0.726799836,2.174827865,0.995072055,0.923414471,0.386908649,-0.520958986,0.153318328,0.702105949,1.817715192,0.772098478,0.270835685
48,4800,0.781652779,-2.570905357,3.825443956,1.358883787,0.920206589,0.224651136,1.672004236,1.300087742,0.647714837,0.126515231,-0.958440381,1.971340838,0.911623182,0.822544875,0.262125431,-0.545964923,0.143532931,0.856300629,1.034535097,0.522174341,0.09927132
49,4900,0.698839103,-2.744183596,4.072642441,0.890467866,0.812308868,0.102846607,1.67232522,1.092109644,0.655153837,-0.270780377,-0.761512494,1.876828002,0.742186164,0.682007731,0.323242892,-0.391345466,0.259560606,0.770816839,1.86573501,0.596151611,0.048732215
50,5000,0.729379894,-2.750882524,3.546881326,0.605123102,0.795155845,0.249086065,1.577126174,1.195770713,0.621470837,-0.943737285,-0.738872974,2.114124534,0.597610183,0.65142871,0.523595179,-0.493062029,-0.125443567,0.787493778,1.507052938,0.396963698,-0.129506987
51,5100,0.505453224,-2.619663548,3.076059159,0.943594693,0.82371296,0.021968523,1.365975658,0.86210739,0.498822838,-0.783207348,-0.769244871,1.457050595,0.74209034,0.799137761,0.561929167,-0.589296593,0.114564329,0.665213877,0.797037842,0.278622349,-0.379585372
52,5200,0.51297297,-2.216930953,2.922760574,0.211383204,0.667575326,0.106489354,1.23536164,0.636996661,0.483457834,-0.64536841,-0.537254864,1.174139838,0.894322214,0.813457797,0.424892454,-0.604500627,-0.04029616,0.594487755,1.036599182,0.235015462,-0.264152771
53,5300,0.554967841,-1.714086024,3.297805253,0.789950458,0.749752419,0.126540335,1.468664094,1.059733198,0.542368839,-0.6253612,-0.294994183,1.130774074,1.057219433,0.867088132,0.389216541,-0.62600072,0.100969221,0.594824604,1.152663149,0.166966982,-0.133531918
54,5400,0.487336933,-3.183235834,3.285687757,1.562766063,0.70505441,0.202735721,1.203241871,0.947648938,0.530382835,-0.762516465,-0.296485025,1.206668138,1.052612135,0.807688506,0.444488803,-0.601408754,0.384021928,0.478047732,1.153694363,0.264327584,0.013665111
55,5500,0.577609617,-3.181073024,2.831750991,1.176797682,0.684737679,0.091823658,1.122848911,0.754199353,0.476973832,-0.95913867,-0.55401667,1.194149412,0.722697905,0.752819623,0.474987497,-0.693729847,-0.074744801,0.469554331,1.422954068,0.263756201,-0.091555484
56,5600,0.643359176,-2.738702477,2.733105987,0.889580453,0.406805181,-0.070958673,1.520968895,0.958133611,0.454280836,-1.037846819,-0.617546271,1.20928486,0.324308106,0.764260662,0.383567642,-0.758028881,0.285065739,0.402773494,1.714335183,0.230919969,-0.174581467
57,5700,0.546702308,-2.217806453,2.84449852,1.007256698,0.594438455,0.09423594,1.433877951,1.155715043,0.43305084,-1.012754984,-0.712436818,1.286482526,0.177516047,0.855147746,0.226601522,-0.789504974,-0.012754934,0.455754263,1.864906611,0.347915549,-0.242861974
58,5800,0.442498188,-2.558338953,2.600790086,1.58449716,0.503134105,0.145090531,1.276117448,1.157527319,0.418039165,-0.844942567,-0.723198743,1.045823468,0.165129641,0.955424439,0.167360205,-0.869950568,-0.174184586,0.326861032,1.474124782,0.085032868,-0.341481789
59,5900,0.470141611,-2.596441024,2.475013379,1.640090498,0.799680114,0.246488536,1.423070109,1.888140698,0.531018505,-0.418361936,-0.697963101,1.272827186,0.356334474,0.915197624,0.189497724,-0.925043221,0.065910736,0.317770316,1.367405616,0.265914595,-0.133263466
60,6000,0.531606184,-1.566985977,3.027154709,1.663955012,0.552450693,0.222908202,1.331172121,2.033226968,0.46421083,-0.027537305,-0.687707857,1.366315127,0.293774224,0.734412084,0.324166471,-0.971467905,-0.018562623,0.329468585,1.4910624,0.143028731,-0.199509994
61,6100,0.435398906,-3.176028596,2.990651677,1.124147166,0.700981775,0.185444143,1.250307007,1.023444518,0.378002169,0.265748771,-0.887606351,1.173787413,0.302388174,0.466418763,0.315201419,-0.959849589,-0.160923096,0.321858263,1.661874476,-0.251946415,-0.455852119
62,6200,0.752774615,-2.572141357,2.605472594,0.961430809,0.467216014,0.138986123,1.193212969,0.395470094,0.371598509,0.509928102,-0.978474806,1.308597764,0.315162096,0.278104172,0.279044528,-0.952299273,-0.035887649,0.242653795,1.580757216,-0.013343687,-0.368287163
63,6300,0.423080331,-3.264205477,2.257872916,0.613432426,0.535401487,-0.109187687,1.041645046,0.256850215,0.246903834,0.107739204,-0.923022345,1.209933644,0.022205993,0.178962746,0.23375052,-0.935066457,0.051083105,0.128646836,1.394204091,0.002277171,-0.174847824
64,6400,0.41466539,-3.255997405,2.138994455,1.254219754,0.582521297,-0.091964689,1.539139513,0.429807135,0.305342174,0.670076293,-0.963630984,1.643427364,0.08859855,0.322960152,0.167448994,-0.966298143,0.233643564,0.087522372,1.10048831,0.218618449,-0.068160243
65,6500,0.312852479,-2.513643477,2.349199482,0.775702773,0.760863153,0.030706523,1.509878339,0.808818967,0.339298498,-0.119458712,-0.985631658,1.262132254,0.254647124,0.37950734,0.413676115,-0.978997301,0.090279824,0.065922409,1.394752807,0.459193591,-0.386423241
66,6600,0.258165066,-2.695160929,2.675152796,0.818529301,0.472526191,-0.108783177,1.53465227,0.337194844,0.325864838,-1.151726817,-0.997305821,1.394282979,0.559204726,0.242447384,0.35282804,-0.959724959,0.17712811,0.072737445,1.491420158,0.680896965,-0.424480274
67,6700,0.475296391,-2.919926905,3.024197825,0.337626185,0.505021643,0.033948889,1.379459203,0.976099967,0.391347163,-1.921904732,-0.90899247,1.313813966,0.497641726,0.265492651,0.206760207,-0.951924617,0.097120391,0.098226809,1.288262859,0.883930846,-0.401676826
68,6800,0.427355361,-3.377973429,2.079525667,1.520753347,0.519346787,-0.313691121,1.265042314,0.061166017,0.207028503,-0.745299267,-1.283540303,1.362465866,0.446726584,0.178378362,0.257658925,-0.867292775,0.048099647,0.192200173,0.787892205,0.547616377,-0.385696363
69,6900,0.274180263,-3.668167382,1.220147107,0.889046965,0.556024099,-0.222045161,1.133987387,0.008340917,0.274951842,0.804061913,-1.235641838,1.248255232,0.658527877,0.108456814,0.338835471,-0.759145998,0.086824161,0.136072537,0.974250067,0.226149529,-0.207586986
70,7000,0.431709852,-3.043505572,2.64982135,0.533803289,0.231432406,-0.064471628,0.829559251,0.273158488,0.189760182,1.000289057,-1.001464947,1.523692826,0.445407195,0.038213827,0.166590583,-0.669399871,0.113150703,0.253306151,1.065957447,-0.11394668,-0.077267583
71,7100,0.389313336,-2.765567834,2.265420486,1.131221,0.447375468,0.392477499,0.951203533,0.418004938,0.237963492,1.059065333,-0.817784868,1.515815781,0.407095245,0.086808796,0.114453618,-0.680761744,-0.006868822,0.201548265,0.731563016,0.028351458,-0.19373043
72,7200,0.397427453,-2.596083929,1.506154768,0.469538564,0.531286712,-0.091142485,0.765620654,0.231012411,0.264692831,0.729266961,-0.530461273,1.141422996,0.686697267,0.075991691,0.114454537,-0.619509761,0.271258521,0.222023259,1.089981929,0.098952518,-0.213958286
73,7300,0.311594239,-3.599634548,1.25226844,0.723059719,0.144798076,-0.22802331,0.717479198,-0.181143538,0.173874171,0.355518679,-0.779270661,1.479811669,0.915865899,0.070712726,0.271421572,-0.729411922,0.145699909,0.207282639,0.612955657,-0.047682799,-0.079921593
74,7400,0.208297151,-3.758777572,1.176314,0.544126614,0.069337222,-0.380129366,0.915837507,0.078682657,0.150300511,0.376343323,-0.646215942,1.417888292,0.961381509,0.05445197,0.287849109,-0.790197142,0.029768016,0.10192652,0.133958119,-0.103649237,-0.065300777
75,7500,0.29790099,-2.487062977,1.629567543,0.416694318,0.229687744,-0.280930881,0.910574601,0.25301722,0.115774851,0.508822367,-0.9316221,1.094321043,0.834842843,0.118787579,-0.486822647,-0.821803492,0.152764127,0.07509565,0.312874229,0.421651894,0.095346168
76,7600,0.401047898,-3.339220477,1.646682258,0.327817058,0.400581137,-0.409805196,0.707005992,0.53925545,0.05632616,0.549517513,-0.729457122,1.082848197,0.91236504,0.125939337,-0.193037169,-0.744347627,0.125513546,-0.025748221,0.792518022,0.485697615,0.101140601
77,7700,0.475589178,-4.773221357,0.934957199,0.235235393,0.532194917,-0.571858764,0.657215992,0.532827692,0.1399485,0.648380604,-0.676483595,1.226079349,0.941231843,0.198874208,0.216669244,-0.661065821,0.111629499,-0.014157908,0.344610089,0.028297494,0.109840455
78,7800,0.255245121,-4.658367001,0.728991884,0.147603661,0.353015072,-0.623710182,0.561965551,-0.081256339,0.09617184,0.272261905,-0.338678166,1.153971843,1.070261612,0.232247921,0.215562004,-0.552857065,0.041774653,-0.034923927,0.153680055,0.000766085,-0.014273475
79,7900,0.404821915,-3.452932429,0.589448539,0.214523826,0.205243093,-0.667585388,0.519543995,0.28948363,0.05738518,0.74444587,-0.696853717,1.475130253,1.052068035,0.114029504,0.162752888,-0.512807797,0.176273706,-0.020944442,0.14632071,-0.617389364,-0.093423787
80,8000,0.423993068,-3.699026929,0.196646515,-0.082495242,-0.008806678,-0.638047711,0.316525587,-0.394599018,-0.032554511,1.354364841,-1.05965853,1.363491827,1.027505104,0.056540545,-0.064459555,-0.483893528,-0.040984403,0.021087537,0.154533555,-0.393833828,-0.036156322
81,8100,0.267049407,-2.562801953,-0.175248488,0.723602103,-0.256720064,-0.703138283,0.116575983,-0.800827963,-0.102251171,1.505406817,-1.468775921,0.978661003,1.21290308,-0.169105889,-0.132875045,-0.341662795,0.165743243,0.012624522,-0.018191685,-0.646589102,0.150526555
82,8200,0.066484324,0.360958494,-0.119521717,0.227973458,-0.134560499,-0.881323156,0.513281001,-0.630220109,-0.215185831,1.043923131,-1.241634464,1.042416394,1.006815268,-0.187792628,-0.074319689,-0.306952732,-0.143251868,-0.003948001,-0.197443433,-0.468493921,0.187926239
83,8300,0.214317197,-3.473983429,0.277260102,0.275162126,-0.095211523,-0.631761281,-0.036479182,-0.112833514,-0.160700492,0.510703391,-1.228274973,1.137230662,0.903343119,-0.174442331,-0.035581058,-0.23964267,-0.123026068,-0.047168834,-0.29101304,0.103952669,0.03454975
84,8400,0.05503068,-3.987399405,-0.095667947,-0.299627871,-0.110066598,-0.68827152,-0.168540504,-0.222465796,-0.121543152,0.361474858,-1.032373166,0.973839581,0.622754726,-0.262753698,0.078011929,-0.273431639,-0.214586484,-0.013687889,-0.530431619,-1.025623745,-0.068618894
85,8500,-0.054193114,-3.348733929,-0.413413069,0.020188056,-0.007708572,-0.675804321,-0.223807777,-0.082188275,-0.117696842,0.589352369,-1.16142895,1.07166374,0.302050474,-0.203932505,0.177263977,-0.210741639,-0.208834689,0.018982042,-0.245845097,-0.717865189,0.166841698
86,8600,-0.145103349,-3.760155905,-0.258917206,0.071671515,-0.111324886,-0.620528288,-0.440659011,0.128740333,-0.106970502,0.75197788,-1.334009848,1.065452274,0.828290612,-0.243075371,0.477573428,-0.207348639,0.007424095,-0.028206779,-0.588128158,-0.805782954,-0.004001756
87,8700,-0.043305303,-3.355253882,-0.10466481,-0.10321116,-0.037190809,-0.578205506,-0.249764777,-0.477901882,-0.082974163,0.45289757,-1.248487953,0.941191358,0.866674343,-0.226368154,0.593577684,-0.163078876,0.131115422,0.053114902,-0.284092214,-0.69139485,-0.024941461
88,8800,0.039427853,-3.748745548,-0.534138412,-0.238476023,-0.08890695,-0.478639351,-0.089466792,0.545013595,-0.11594217,0.124332905,-1.509741541,0.994424783,1.018068908,-0.162334891,0.363773926,-0.057887061,0.138843849,-0.013458628,0.723661131,-0.440261437,0.273100392
89,8900,0.090147015,-4.947791905,-0.298601505,0.026715888,0.037254846,-0.583149967,-0.079757381,0.138610979,-0.036705162,-0.017364263,-1.38769302,0.706237829,1.025596787,-0.057792624,0.028184357,0.043708759,0.003188186,0.000176498,1.466118652,-0.728430511,-0.023163358
90,9000,0.010411566,-1.852783,-0.060194579,0.448657294,0.157561277,-0.452675466,-0.704111741,0.547625572,0.084005831,-0.011018965,-1.210181166,0.74104334,1.379006727,0.049552508,-0.125996331,0.273425584,0.071739053,-0.00307387,0.381383199,-0.284713692,-0.160340199
91,9100,-0.004902727,-4.067007953,0.495782995,0.113238845,0.179788992,-0.682808132,-0.703377979,0.266200218,0.213118839,-0.022621676,-0.975062167,0.630896365,1.525909266,0.059980801,-0.049599463,0.188261347,-0.053742264,-0.044442241,-0.307141103,-0.745626671,-0.047188083
92,9200,0.230257406,-2.290439048,0.280776885,0.180274809,0.387336711,-0.470729317,-0.440024126,1.060794947,0.231748837,0.006866618,-0.997758934,0.334374021,1.114516091,0.126034759,-0.078766946,0.250183347,0.178849663,0.062283889,0.391299095,-0.172811828,-0.190636946
93,9300,0.217589759,-3.376206405,0.010542713,0.5891788,0.356121514,-0.209856144,-0.353532799,0.318773476,0.201731835,-0.044873238,-0.835907682,0.334513131,0.704273646,0.054316037,-0.176451004,0.279563347,-0.063694473,0.00569402,0.071536757,-0.029795357,-0.171892882
94,9400,0.171948691,-3.453383929,-0.342567983,-0.017284935,0.259470032,-0.306244383,-0.563241772,0.304420297,0.19042884,-0.20099646,-0.638094105,0.299426043,0.245207973,0.020965521,-0.302621657,0.251817847,0.080588466,0.079861309,-0.207718844,-0.266178653,-0.291506183
95,9500,0.038573027,-3.738023358,-0.014876644,-0.883008058,0.417027949,-0.353702467,-0.390463482,0.301171777,0.27293784,-0.270586104,-0.305357341,0.051456781,0.352531699,0.025962206,-0.218111625,0.216050347,0.080270993,-0.005371237,0.232839028,0.437005661,-0.094666865
96,9600,0.116674498,-3.035025524,-0.117180912,-0.506092992,0.459929149,-0.163318176,-0.39155702,0.422387848,0.336682833,-0.184221382,-0.446442357,-0.152440453,0.4275199,-0.055491644,0.034308364,0.180031347,0.144283105,0.043463719,0.123032555,-0.154129234,0.188902663
97,9700,-0.002502899,-3.377212953,-0.364155738,-0.152056587,0.341113201,0.05382121,-0.441313096,-0.040731868,0.489402826,-0.172536697,-0.368006539,0.117817239,0.604617999,-0.081421421,0.065948723,0.18728274,-0.084768715,-0.094817328,0.063582142,-0.379664721,0.001851416
98,9800,0.081470776,-2.668668977,-0.512623873,-0.033818248,0.174348284,-0.004583012,-0.897639478,0.686398368,0.384100399,-0.296752232,-0.036563462,0.152019405,0.504565591,-0.109542552,0.065897114,0.105903676,0.113952217,0.016172629,0.093399177,0.488279968,-0.200296116
99,9900,0.113569696,-2.226041977,-0.351345262,0.08067074,0.352669708,0.04604725,-0.760949531,0.441283493,0.387381972,-0.332991091,-0.056778514,0.047858355,0.479921626,-0.234497606,-0.082341149,0.104303613,0.174726886,0.014056724,0.723937683,0.175572931,-0.179197088
100,10000,0.14001737,-1.835656977,-0.151067071,-0.051346131,0.342222721,-0.078445722,-0.797447486,0.709608673,0.300346545,-0.296243028,-0.081465977,-0.00805377,0.429947578,-0.27462117,-0.073693469,0.094385897,0.187688894,0.016547483,0.595089159,0.029921405,-0.340067965
101,10100,0.182749716,-2.046523429,-0.158819397,0.525281374,0.187200205,0.114513125,-0.539087686,0.38246214,0.337464118,-0.298988297,-0.139722526,-0.091135962,0.457100979,-0.308125406,0.094300633,0.085068411,0.008083161,0.050710284,0.599216273,0.125170018,-0.161693197
102,10200,0.0810986,-0.34077145,0.483737662,0.063013483,0.12005003,-0.017859527,-0.085571991,0.999617202,0.331261691,-0.396579565,-0.113896475,-0.513229215,0.622994493,-0.176278478,-0.036314691,-0.126790081,-0.051796972,0.003845488,0.461191311,0.013041305,-0.159549475
103,10300,0.051170689,-1.571324441,0.044503056,-0.151488677,-0.102966187,0.019651793,-0.426079773,-0.331734798,0.111204264,-0.254179621,-0.128151111,-0.080656108,0.524255912,-0.124983115,-0.025407216,-0.157960574,0.045413091,-0.058688479,0.057348081,-0.016661658,-0.043265215
104,10400,0.044681448,-0.633221464,0.187708475,-0.516379872,0.067670923,0.040826287,-0.259558495,0.037700838,-0.004819163,-0.128295362,-0.294958031,-0.449909778,0.385154955,0.083703924,0.005451824,-0.212386064,-0.166625164,-0.096792254,0.216980228,-0.025061723,-0.079797854
105,10500,0.157496922,-0.45587148,0.067266991,-0.207108803,0.052346502,0.387988527,-0.169631009,0.719683305,0.221785497,-0.00279663,0.080312192,-0.318578863,-0.62659889,0.077220305,-0.032340035,-0.277753918,0.102816472,0.132131652,-0.02293335,0.032475018,-0.257512651
106,10600,0.057773236,-0.100329965,0.3156725,-0.143301975,-0.069093381,0.39447981,-0.034144503,-0.036697016,0.307234157,0.072837097,0.566750057,-0.667183152,-1.437767507,0.068725099,-0.161389274,-0.34916124,0.016838677,0.027416153,0.314667741,0.252914067,-0.130532473
107,10700,0.019024673,0.391116533,0.048101416,0.065943127,-0.044210185,0.403185477,-0.054523674,0.113170215,0.416687831,-1.559120603,0.584153927,-0.482921544,-1.61601348,-0.021267982,0.061371931,-0.347085062,0.007896085,-0.180607943,0.080801176,0.502353158,0.030723094
108,10800,-0.175520866,1.539746988,0.486700876,-0.35832548,-0.044537052,0.688107744,0.14756149,-0.016714958,0.539055476,-3.208431613,0.7114822,-0.542884718,-1.184927682,-0.097437515,0.261347474,-0.452323899,0.130256129,-0.08102797,-0.383829285,0.996105758,0.031155185
109,10900,-0.413264139,2.699095024,0.197159079,-0.077786175,-0.088640475,0.47069637,0.494473489,0.487593607,0.613329151,-1.062763001,0.7333237,-0.460984797,-0.199457804,-0.049366363,-0.406663381,-0.432302236,-0.048561441,-0.13087605,-0.257777247,1.391361315,0.223331697
110,11000,-0.069525264,1.2961185,0.115244319,0.015741118,-0.107091883,0.698201515,0.599562295,0.566255805,0.736749826,0.156554246,1.309196983,-0.665803549,0.011351889,-0.133678722,-0.10624919,-0.424647962,-0.023677853,-0.122099838,-0.512989984,0.679401564,0.024855764
111,11100,-0.10992076,2.555556095,0.572501483,-0.507659796,-0.038163414,0.744875584,0.002664622,0.171237469,0.457648816,-0.483992659,1.667478023,-0.867562346,0.084213757,0.003128383,0.176453345,-0.280104981,0.086092812,-0.181612232,-0.603401008,1.207339654,0.034330127
112,11200,-0.243851895,2.464568047,0.119615131,0.205840598,0.01141113,0.537365128,-0.557909035,0.220526482,0.229373836,-0.984865085,1.629962384,-0.755800047,-0.192355102,-0.0242957,-0.077966937,-0.258720001,0.018936824,-0.281059322,-0.366391258,0.819626486,0.030841667
113,11300,-0.457072103,2.198460571,-0.36222184,0.111493697,-0.11486282,0.475411088,-0.355845222,-0.000762067,-0.075857166,0.028410041,1.965544691,-0.843967859,-0.345567864,-0.174432033,-0.330141992,-0.19181702,0.047996467,-0.309625278,-0.339042948,1.139488042,-0.030073987
114,11400,-0.214936457,6.116438239,-0.483503313,-0.353515337,-0.064808023,0.958622531,0.284919588,-0.472302671,-0.385344168,0.986939814,2.468885162,-1.518343222,-0.642326521,-0.077096393,-0.350511351,0.114904961,-0.126400486,-0.182715216,-0.009166258,3.084816439,0.14380019
115,11500,-0.319020054,1.543715452,-0.519479008,-0.261830368,-0.056522857,0.691931895,0.585296916,-0.630145352,-0.707259163,0.759317107,2.6706711,-1.010370064,-1.012715077,0.398699999,-0.234439157,0.082420942,0.079229816,-0.138739868,-0.126797413,2.595822349,0.179744093
116,11600,-0.250399183,1.309629976,-0.183798227,0.51466423,-0.11063189,0.734923944,1.305181997,-0.574892285,-0.842823154,-2.26545835,2.495179123,-0.920100942,-1.404261612,0.580791041,-0.104799664,0.355182923,0.095150667,-0.054359367,-0.093677098,3.035805917,0.189082338
117,11700,-0.145653491,11.56224655,-0.075286627,0.075962744,-0.367998871,0.681183048,1.2657445,-0.676434467,-0.954335176,-0.629262776,2.455285008,-0.553493024,-1.783757529,0.500384726,0.04430267,0.537488903,0.101030306,0.13009126,-0.366791325,1.547317455,0.142513454
118,11800,-0.105550201,11.62461316,0.195733126,0.124922556,-0.577944396,-0.375453256,1.659282384,-1.002582357,-0.979139167,1.287990262,1.893245633,-0.712055909,-2.347100771,0.349354336,0.065529404,0.681518884,-0.222215994,0.155830783,0.435742936,1.641148916,0.104765326
119,11900,-0.043176998,13.32648593,1.122558577,0.490293915,-0.453497469,1.103146748,1.408834397,-1.392728506,-1.126496189,1.517860497,2.019629582,-0.760079849,-2.816832514,0.459177716,0.331152169,0.797162865,-0.187646223,0.173680213,0.670341964,0.869266702,0.267172723
120,12000,-0.073058837,10.96363683,1.751118523,-0.005676852,-0.549273578,0.349565942,1.514581066,-1.672513673,-1.225084151,1.613729259,1.69875195,-0.55683397,-3.057410148,0.425434139,0.356590874,0.967027011,-0.423291545,0.231045519,0.629857484,1.021450796,0.289084643
121,12100,-0.005329754,13.73913145,1.528149195,0.765883903,-0.787859543,-0.345780946,1.099307092,-2.323519012,-1.493090151,1.606793888,1.777288678,-0.170225294,-3.18601075,0.43421655,0.305991599,0.992576262,-0.539677746,0.30634828,0.270358566,0.907143819,0.469881312
122,12200,0.022544217,10.49802724,1.307770135,0.288560527,-0.781051811,0.082903139,1.03959862,-3.258715226,-1.635563151,1.587698398,1.949355445,0.021175692,-3.035970939,0.31359996,0.199083758,1.032099513,-0.454827254,0.322012668,0.354958854,0.53137947,0.456087143
123,12300,-0.0555802,12.74747257,1.172638332,0.763921264,-0.777897304,-0.114330848,1.305047097,-2.852800334,-1.643219151,1.552441014,2.189449627,0.303635402,-2.887246861,0.002625197,0.02929554,1.038538824,-0.24977504,0.389776596,0.726470517,0.205872315,0.728768894
124,12400,0.183068523,13.19793933,1.311714004,0.562121361,-0.682657482,0.273810606,1.331535736,-3.021836013,-1.81779521,1.607796433,2.362402574,0.33348337,-2.757762716,0.054274624,0.050252492,0.958917326,-0.450290127,0.498890392,1.014432687,0.341724894,0.877819321
125,12500,0.243148209,11.91875405,1.605297736,0.877230573,-0.496615794,0.86138454,1.384245224,-2.213300483,-1.478416174,1.710411792,2.182987948,0.513937845,-2.328693006,0.371501895,0.109382196,1.104830385,-0.330866006,0.494658512,1.313567036,0.688022205,0.957523699
126,12600,0.396032472,14.17526664,1.852538988,0.891055744,-0.518732353,0.160267323,1.774954744,-1.597464252,-1.041314139,2.037138656,2.02724427,0.962543248,-2.03455394,0.301654836,0.263506004,1.224312385,-0.324048371,0.483761039,1.86208037,1.466791046,1.068260922
127,12700,0.524829202,15.81596416,1.968735554,0.803840611,-0.299532848,0.618932341,1.644260583,-1.541109132,-0.836549163,2.836355806,2.300902461,0.818773339,-1.547263975,0.471895508,0.333052074,1.469119385,-0.019301416,0.724224549,1.374953551,1.232298657,0.915287451
128,12800,0.77601797,9.162299358,1.932388496,0.449647242,0.074138637,0.702434611,1.629658481,-1.290770776,-0.468798162,2.851039542,2.266102062,0.788754624,-0.867267411,0.450724994,0.325277488,1.677415385,-0.006271263,0.779170049,1.525507964,1.723232684,0.774131672
129,12900,0.495475242,5.685615095,1.917590979,0.343179849,0.139009637,0.702734055,1.407756748,-0.898419849,-0.272171161,2.711015796,2.244083174,0.688141421,-0.402609863,0.320131441,0.32571289,1.710038732,0.162504117,0.541479724,1.062787345,1.893463993,0.854393507
130,13000,0.625582977,8.432015547,1.638605251,0.675669798,0.212860512,0.859184941,1.226339599,-1.334877142,-0.259899166,2.503131114,1.979036954,-0.163424752,-0.23448851,0.164434917,0.34302094,2.343889485,0.458723968,0.372210921,0.818628005,1.148238633,0.80386098
131,13100,0.710105395,12.95702395,0.622116529,0.418975158,0.309029622,1.078929313,0.61836751,-1.129289727,-0.184561163,2.24189256,1.714456684,0.012580034,0.010793771,0.251888244,0.264122791,2.680081238,0.30537836,0.371221402,1.864769949,1.271045939,0.845851092
132,13200,0.677364292,9.809918758,-0.323074899,0.430151913,0.231279415,0.599459606,1.73807195,-1.917716926,-0.197317174,2.144843197,1.53408921,-0.14623845,0.112598826,0.177916725,0.300267657,3.006959991,0.229954684,0.305424135,2.42266384,1.47523398,0.905560715
133,13300,0.747582038,6.308095,-0.141494832,0.222505375,0.077208301,0.670041575,1.52594843,-2.088054076,0.002938837,2.314048406,1.284830608,-0.397467072,0.152549881,0.259170284,0.256711036,3.23788629,0.238563479,0.436483751,0.483883285,1.632830835,0.909741584
134,13400,0.869011584,4.587218048,0.036092788,-0.179216881,0.16153967,0.566213387,1.506912054,-2.085457096,0.168500849,2.403003852,1.288669365,-0.527798879,0.334490398,0.331563687,0.301375089,3.22557729,0.294181856,0.475445103,0.175112438,1.645813155,1.023277088
135,13500,1.133783317,3.487887524,0.582502108,0.405890041,0.170926459,-0.342242623,1.541575832,-2.430270541,0.281092861,2.358145844,1.101655685,-0.56258788,0.525951068,0.425445382,0.295341538,3.21614529,0.290820776,0.46344913,-0.162348274,1.393216575,0.639648033
136,13600,0.881877743,7.886050784,0.434067541,0.23584965,0.163562139,0.446968704,0.817723443,-2.097596146,0.366308814,2.259944685,0.868919462,-0.581051229,0.720280661,0.455935175,0.311324154,3.29951929,0.238558351,0.445670025,0.43391986,1.380469943,0.523902106
137,13700,1.046098908,3.482693143,-0.045622869,0.44319068,0.08386062,0.185423736,1.566416099,-2.346491189,0.574458885,1.888058834,0.965548846,-1.067577675,1.024541809,0.284520216,0.458165192,3.38744929,0.201114922,0.625488476,0.895704429,1.242128007,0.603601967
138,13800,1.289450767,4.8103405,-0.008912916,-0.052075396,-0.097002256,0.279029006,1.6560951,-2.148158577,0.567308837,1.315281222,0.710491078,-1.278833051,1.369722215,0.561849158,0.426596166,3.504413646,0.174583321,0.419353544,0.670622722,0.951878339,0.500115002
139,13900,1.270827012,3.220664952,-0.779866844,0.101007904,-0.324158553,-1.670249557,2.025389712,-2.596944551,0.26512179,1.147408918,0.081470714,-1.428356716,1.198681734,0.685240748,0.403716427,3.568204972,-0.005362989,0.410444062,1.016106123,1.503044867,0.206990982
140,14000,0.39331971,9.125909238,-1.32907396,-0.42866582,-0.310371733,-2.85273834,0.836746334,-2.637619688,-0.328201139,1.244802039,-1.028457304,-2.719472016,0.374996549,0.675103672,0.069358885,3.132010536,-0.158202318,-0.297580602,1.557373815,2.835489757,0.101956773
141,14100,-0.795205919,4.1356595,-0.523582292,-1.049464612,-0.050201851,-1.868586117,1.206907284,-2.04437437,-0.100259861,1.446228043,-0.968277387,-3.312363583,0.083652242,0.212525608,-0.155469551,2.354233862,-0.108999292,-0.99283307,1.296609974,3.867065627,0.123755941
142,14200,-0.407768913,4.093462,-0.460423286,-0.647857608,0.405376856,-0.92486559,2.331177986,-0.201245963,-0.365664464,1.694607162,-0.403857651,-3.030377151,-0.008477634,0.01845773,0.011602626,1.750661188,0.311066767,-0.867654891,2.982263931,4.176355992,0.19086439
143,14300,0.376929706,3.15965355,0.383505759,-0.628790842,0.71609983,0.57428756,3.493686974,4.066501654,0.306968814,2.034658256,0.425451143,-2.244937073,0.305369732,0.18296309,0.486659354,2.030736014,0.867067686,-0.004041836,4.762453814,6.493999923,0.371738001
144,14400,1.500277685,3.00541908,0.636146158,-0.329301425,0.822546286,0.84512133,2.712424289,4.451679571,0.802153837,2.179813237,1.19538464,-1.060610819,0.385094925,0.333530642,0.694284218,2.717808865,1.099379435,0.621033953,4.80204558,5.738643269,0.32572099
145,14500,1.938825543,0.039285548,0.782356304,-0.773129978,0.667754458,-0.056210092,1.537857554,1.822347464,0.443693861,2.043892458,1.170041082,-1.361542576,0.216039618,0.357683204,0.687743075,2.832364369,0.548958078,0.688861254,4.239609061,5.705240417,0.213077498
146,14600,1.938427391,1.156270059,3.445105655,-0.449875442,0.293883688,-0.223046507,0.375077702,-1.778484873,0.248849885,2.034457005,0.843630039,-0.762125122,-0.085618364,0.57797892,0.535446123,2.887699872,0.86794079,0.778551405,2.894378827,3.79743451,0.039387563
147,14700,2.015648164,9.569839238,3.211896248,-0.686616846,-0.429354731,-2.340008158,-0.031575876,-3.130581112,0.152214766,2.474188572,0.606461318,-0.464837222,-0.655267636,0.464141144,0.266590602,3.252534138,0.678853717,1.031749943,0.631488513,1.969733453,-0.004642249
148,14800,2.120739746,7.635498043,3.054079245,0.044288627,-0.533963671,-2.229644105,0.369802787,-4.137716079,0.349302766,2.172151193,0.472854147,-0.650781549,-1.265802938,0.469960264,-0.024431726,3.393625642,0.668358054,1.29572212,0.626595042,1.415079961,0.017960948
149,14900,1.990191969,5.70638057,2.976098011,0.294494961,-0.318703122,-2.472839287,-0.773207636,-3.982098559,-0.070668139,1.935594265,0.814181429,-0.351163912,-1.462864587,0.195541743,-0.202901162,3.279075145,0.550631286,1.212392368,0.668297668,1.117759586,0.202860109
150,15000,1.946078959,8.476918568,2.388773036,0.416992427,-0.186166083,-2.482106321,0.202836974,-3.064320381,-0.499943163,1.133927542,1.068866412,-0.542843014,-1.644114235,0.568095527,-0.236046551,3.239846411,0.494081129,0.869556262,0.213124917,NA,0.325425363
151,15100,1.998116915,6.061619448,1.693086042,0.723048806,-0.390456351,-2.208825762,-0.184159981,-3.086593557,1.686550766,1.04214154,1.006731828,-0.542644447,-1.932659384,0.639606304,-0.148248696,3.299060915,0.524638927,0.98150142,1.323483059,NA,0.361523062
152,15200,2.036431371,6.211037451,1.331748552,0.585972622,-0.538670562,-2.531212996,-0.143502086,-3.140197083,3.068419004,1.245628214,0.808971055,-0.589579659,-2.343012516,0.548839569,-0.087941214,3.132950418,0.138563361,0.817132698,0.760234941,NA,0.345961051
153,15300,1.926194715,5.545360853,0.953379503,0.418190363,-0.320604152,-2.613547866,0.009061915,-3.419631394,1.683213814,1.5550571,0.613016808,-0.454679371,-2.883083573,0.783808461,-0.109825892,3.069282922,0.21348774,0.689170086,1.767032606,NA,0.354796089
154,15400,1.617659223,7.644973048,0.602895947,0.042813857,-0.364138854,-2.794468751,-0.360263033,-3.946318362,2.245014718,1.687278848,0.447224724,-0.683965172,-3.125815132,0.898102139,-0.226809814,2.952019188,0.331868469,0.73085701,1.218920105,NA,0.262646447
155,15500,1.916490771,7.761811933,0.353203866,0.111788695,-0.071313994,-2.905501609,-0.542323481,-4.299517376,2.641373718,1.778722108,1.005236962,-0.802728032,-2.873181528,0.466289079,-0.330660732,2.905145027,0.250594951,0.688827,1.017806844,NA,0.120906705
156,15600,1.893852162,4.908055976,-0.053145436,0.1856493,-0.053459839,-3.103751871,-0.542207426,-4.969622611,3.394025909,1.687206491,1.259352613,-0.871957971,-2.819773925,0.436134513,-0.264620746,2.90152913,0.414492342,0.675943287,1.052357358,NA,0.003583435
157,15700,1.695424157,9.690443353,-0.372746516,0.432732293,0.008273022,-2.978537996,-1.186207482,-5.932289479,4.366772623,1.583457873,1.177439074,-1.027170424,-2.999673655,0.606507687,0.048386238,2.890299233,0.395587026,0.739314938,0.072927448,NA,0.058605168
158,15800,1.664088024,4.988025168,-0.474841069,0.044217798,0.085971983,-2.645778923,-1.519884777,-5.965949833,3.302961623,1.451784494,1.038103909,-1.256941669,-3.477084491,0.780110285,0.096239655,3.026087074,0.566534758,0.433569373,-0.501302415,NA,-0.016186892
159,15900,1.767526444,3.874212643,-0.533972103,-0.011946942,0.050239809,-2.816950124,-1.40637621,-6.010277828,3.383262909,1.321064911,0.892235521,-1.185963395,-4.096215658,0.766652593,-0.082156471,2.945544677,0.564872865,0.495512124,-0.779659332,NA,-0.079311249
160,16000,1.889101683,5.481839263,-0.602117458,-0.858973225,-0.021605531,-3.096487438,-1.360777293,-6.157259795,3.418450718,1.223881373,0.958830718,-1.451788669,-3.491330607,0.984601761,-0.321861815,2.958135692,0.546701724,0.764475537,-1.153347641,NA,0.016463765
161,16100,1.775601036,7.531507313,-0.623399609,-0.730547838,0.048155928,-3.27986774,-1.194853465,-6.446366819,3.776718909,1.153011836,1.390398214,-1.343254841,-3.218822241,0.761442735,-0.295225853,2.720530441,0.269648543,0.398396735,-0.520893837,NA,0.27425203
162,16200,1.834490995,3.66212864,-0.337078953,0.097602185,-0.180399721,-3.332317746,-0.954364048,-6.725592798,3.986465623,1.345901301,1.784952454,-1.033236172,-2.669291937,0.757093044,-0.195340031,2.65005919,0.05844149,0.367562708,-0.384766959,NA,0.091618254
163,16300,1.740703025,4.570239075,-0.237528445,0.40998169,-0.052297193,-3.422905174,-1.048518631,-7.031084265,4.219298814,1.548827112,1.908302548,-0.790318552,-3.151315106,0.757738553,-0.055684301,2.529482939,0.233464082,0.527635534,0.154795829,NA,0.125666063
164,16400,1.694794935,4.08445917,-0.352834712,0.175928,0.016954472,-3.715554283,-0.638066026,-7.072228564,4.237236718,1.021438145,2.118198021,-0.750933254,-3.451827158,0.965617644,-0.060631601,2.617004359,0.079490982,0.404223251,-2.526146989,NA,0.189806775
165,16500,1.651014883,1.545698238,-0.676969589,-0.057919674,-0.031501728,-3.837249531,-0.645220032,-7.254015048,4.274868623,0.093706474,2.035131912,-1.013848578,-3.486238141,0.742428456,-0.108436124,2.799474687,0.267813249,0.04398832,-2.915875509,NA,0.169737338
166,16600,1.684633706,3.381757265,-0.343207494,-0.372873127,0.11451653,-3.511096905,-0.253171888,-7.40280353,4.446349004,-0.820292317,1.765871797,-0.687485515,-2.816283798,0.946388525,-0.136784,2.982290015,0.057361512,0.261658975,-3.575372124,NA,0.341312629
167,16700,1.559275615,2.16230974,-0.150192884,-0.562052194,-0.013130627,-3.708956382,-0.688318434,-7.728276879,4.438870909,0.916906745,1.456057799,-0.662309384,-2.678398498,0.963672015,-0.195484122,3.050745105,0.381363314,-0.049469658,-3.66534132,NA,0.562092682
168,16800,1.53629448,0.89791943,-0.16475455,-0.066429572,-0.081070034,-3.517899811,-1.457434779,-7.917299273,4.345864023,2.499993086,0.84484937,-0.477688143,-2.831020015,1.092317326,-0.291833539,3.310669433,0.293686673,-0.103362494,-3.540702565,NA,0.546734053
169,16900,1.559090408,4.543962075,0.047518126,0.344473601,0.029857631,-3.614357982,-1.876148786,-8.369911483,4.168508661,2.560592818,0.962370535,-0.354380114,-2.267310547,1.204885368,-0.348751761,3.538456716,0.592866989,0.22387041,-3.516747458,NA,0.438164719
170,17000,1.553008736,1.879217835,0.143287783,0.13863803,0.16118021,-3.549733994,-2.047228231,-8.016041874,4.107870775,2.556960179,1.044928124,-0.286490021,-1.714761221,1.208131737,-0.214952047,3.749327,0.47565317,0.308527493,-3.078554074,NA,0.532259759
171,17100,1.377912044,1.122242355,-0.219049689,-0.295757089,0.240756395,-3.551799914,-2.319134684,-8.701750271,4.01047289,1.853579269,0.840059358,-0.377317917,-1.487229208,1.446326685,-0.041695267,3.607199433,0.464568751,0.324035388,-1.250647433,NA,0.57080429
172,17200,1.515642512,2.08501326,-0.484070051,-0.255462125,0.135246418,-3.704749892,-2.298660286,-8.774506842,3.810309004,1.557853479,0.951002971,-0.552447488,-1.268863027,1.531304074,-0.099351935,3.486287433,0.246556532,0.213103601,-1.146726388,NA,0.785531173
173,17300,1.594722628,1.31323974,-0.422567884,0.278576218,0.157709306,-3.598870595,-1.883065927,-8.030161314,4.628565004,1.554738838,0.958075896,-0.917858988,-1.008333859,1.499586729,-0.146519885,3.696791528,0.200472086,-0.026103885,-1.130312467,NA,0.635844623
174,17400,1.507188251,5.58120124,-0.14185363,1.017306622,0.259290629,-3.446162673,-1.587921729,-7.555413287,5.586380004,1.493478197,1.017450826,-0.805823845,-0.756220445,1.646042715,-0.110651602,4.089177827,0.177752747,-0.303112187,-1.07816891,NA,0.625302269
175,17500,1.508418015,-1.349425548,-0.421735703,0.538127351,0.262757393,-3.32964265,-1.243264792,-7.197604869,6.612784004,1.485301556,0.809586335,-0.771396426,-0.45729953,1.484216118,-0.141467483,4.538181433,0.594522941,-0.283287118,0.546536401,NA,0.728731269
176,17600,1.487411894,0.03818124,-1.152693607,0.493342334,0.352364378,-3.327509894,-1.021172204,-7.9863611,7.372633,1.628265334,0.439764621,-0.768812493,-0.148981115,1.315419485,-0.103374065,4.982721433,0.730954616,-0.534987089,-0.113380818,NA,0.869855944
177,17700,1.605770907,2.052379262,-1.590939656,0.374002593,0.159935381,-3.357355538,-1.065463179,-7.889251368,6.491665814,1.80166636,0.134445476,-0.841936701,0.196959586,1.222323064,-0.145144277,5.559376437,0.66730046,-0.147439483,0.932148582,NA,0.798896685
178,17800,1.739208656,1.905603882,-1.572394921,0.70147199,0.09424688,-3.307925052,-0.701983391,-7.811682152,5.383548623,1.959838386,-0.091530814,-0.763892169,0.550655034,1.33316096,-0.214856059,5.732257566,0.629700331,0.067879405,0.614095301,NA,0.761320024
179,17900,1.541824775,2.605429838,-1.660223347,0.583060644,0.379483535,-3.354847374,-0.723063254,-8.318047512,4.347463909,2.168826657,-0.297651187,-0.54293284,1.058394447,1.299198945,-0.243325298,5.121109138,0.573081581,-0.160230335,1.172124642,NA,0.921287248
180,18000,1.475032313,2.597579855,-1.633363695,0.55083044,0.632860983,-2.782493819,-0.328568717,-8.222192313,3.414614718,2.057792619,-0.346466679,-0.600137359,1.525421399,1.278111644,-0.195988502,5.395348126,0.246768223,-0.062330565,1.127560955,NA,0.882104706
181,18100,1.217720292,3.582785265,-1.704100163,0.722113835,0.639469948,-2.517018416,-0.271834879,-8.028475322,4.066003703,1.974470581,-0.235039737,-0.355099479,1.590088918,1.356932103,-0.064708939,5.496704147,0.561881523,0.213025175,0.744374859,NA,0.926973588
182,18200,1.225062715,3.29691205,-1.652796919,0.920517483,0.695090435,-2.672694306,-0.185636327,-7.899522125,4.777544211,1.958785678,0.027706127,-0.696024232,1.455752125,1.366994734,0.107663079,5.543990147,0.541096991,0.512409718,1.3335336,NA,1.074689088
183,18300,1.387338695,6.84170845,-1.659607301,0.940279671,0.78591135,-2.504563414,-0.111516886,-8.609603679,5.516315195,2.059182135,0.276614604,-0.495645247,1.467682748,1.516126471,0.197919086,5.350853147,0.712653503,0.039305956,2.086367466,NA,0.753999024
184,18400,1.577216014,2.478454407,-1.553705091,0.944272252,0.974564622,-2.270860544,-0.253010634,-8.229863931,7.03672581,2.099974487,0.617079469,-0.521335487,1.713171751,1.68117921,0.318912004,5.60023613,0.711638918,0.090653683,1.438830764,NA,0.733513673
185,18500,1.472031163,1.509264453,-1.773654685,0.754338603,1.021303466,-2.190214517,-0.240199481,-8.114683055,8.48291543,2.149400105,0.518794178,-0.580357157,1.968006754,1.624512626,0.280413682,5.740149636,0.823650626,0.40818062,1.07043792,NA,0.638270609
186,18600,1.551482959,-0.401438904,-1.786631827,0.498407808,1.12593328,-2.348231678,-0.44250892,-9.294777397,8.24915762,2.195656723,0.224000018,-0.520432644,1.961658241,1.509102524,0.281051777,5.674136812,0.702424387,0.548634442,2.575561433,NA,0.685494186
187,18700,1.918358696,2.653086882,-1.619253076,0.440559169,0.841846771,-2.512266882,-0.419212808,-9.207808524,7.89389881,2.266015341,0.089482098,-0.319501016,1.835219451,1.709991539,0.395221329,5.614858678,0.765751646,0.896698695,-1.001711524,NA,0.76626208
188,18800,1.97780238,4.551895381,-1.923313131,0.627197751,0.842645838,-2.945855272,-0.728693696,-9.357151741,7.684912,2.269239959,-0.025202135,-0.5624011,1.647834137,1.715722571,0.4764152,5.41445003,0.609067817,1.164438313,1.615690979,NA,0.916457275
189,18900,2.801739716,1.583254933,-2.535816557,0.178739795,1.037218261,-3.031093227,-0.397548446,-9.230450762,7.67034562,2.330437576,0.182754782,-0.893506846,2.009475001,1.919673951,0.447161244,5.428297433,0.733446189,0.860382681,0.982425814,NA,0.912653827
190,19000,2.829136893,2.495391263,-2.960022383,0.285724218,1.144647029,-2.926972273,-0.042649434,-8.998281255,7.5840832,2.376768005,0.043294299,-0.84102499,2.382212854,1.956536858,0.434134777,5.713464448,0.81784461,0.561608684,2.369038518,NA,1.087624129
191,19100,2.882937469,4.919664836,-2.230947179,0.61042391,1.434323054,-2.576046873,0.220662417,-8.628049901,7.68431281,2.329184394,-0.093259278,-0.900400081,2.517065343,1.851869904,0.379326595,5.568905393,0.87001476,0.628744601,3.038894537,NA,0.956131046
192,19200,2.920733117,4.739848027,-1.840705739,0.510146869,1.331582655,-2.627072,0.432052917,-8.769875365,7.7184464,2.307606544,-0.328977656,-1.05400748,2.420661497,1.738968835,0.350532781,5.492152713,1.116130666,0.606023523,3.749029146,NA,0.977702463
193,19300,2.891363517,2.548986243,-1.52661914,0.380738721,1.276266934,-2.51403712,0.798113146,-9.001392132,8.07895104,2.267911791,-0.334575645,-1.017392141,2.302726612,1.830871735,0.495460394,5.177821509,0.680778724,0.754244557,3.10508738,NA,0.741117643
194,19400,2.880751838,2.988449832,-1.864212908,0.243889498,1.40642237,-2.461583725,0.627874225,-8.602273385,8.37784962,2.390966294,-0.223061945,-1.126754568,2.62190206,1.907166486,0.580673528,5.183928036,0.859430541,0.703986506,3.439370998,NA,0.916495646
195,19500,2.747020054,4.354334263,-2.122226861,0.55095376,1.270986089,-2.489307453,0.693938103,-8.827379419,7.60826243,2.459058036,0.173951225,-0.885375578,2.628258941,1.585593671,0.456756679,5.17091538,0.90329669,0.468395717,3.287841311,NA,1.505491619
196,19600,2.788375365,4.121581238,-2.251518574,0.710894728,1.206909686,-2.701046896,0.917090232,-8.994743549,6.698745195,2.542210539,0.35838279,-0.721330413,2.571198118,1.435824987,0.293151076,5.2795942,0.824805878,0.54708653,3.620993814,NA,1.546637473
197,19700,2.402138809,5.708374473,-2.272086325,0.217293638,0.953407624,-2.738525808,0.880253561,-8.699939702,5.930657004,2.619226424,0.514467554,-0.80823471,2.644432553,1.379259988,0.393806357,5.248134544,0.855832116,0.410237122,2.461382155,NA,1.472685551
198,19800,2.413169514,3.299447361,-1.843571362,0.215868774,0.963449717,-2.808181988,1.022830389,-8.782127684,6.437396432,2.492345815,0.260582979,-0.904466705,2.633219349,1.468028905,0.559090444,5.250932471,0.721662078,0.561927379,2.314352341,NA,1.354727082
199,19900,2.320158805,5.150899263,-1.94210382,0.010647092,0.596863633,-2.965667782,1.289968018,-8.595421679,6.714314814,2.464027206,0.08296634,-1.017609148,2.576198335,1.599298826,0.49725387,5.16385926,0.854931365,0.081113143,2.854497664,NA,1.493237361
200,20000,2.541418005,5.594218761,-2.777764501,-0.16205652,0.480346778,-2.846667802,1.583642297,-8.347331673,7.138952195,2.330956359,-0.078869611,-1.405341388,2.520768785,1.712360156,0.4162628,5.255834525,1.015543517,0.100990788,2.041066031,NA,1.327693298
201,20100,2.613543769,4.951442241,-2.857667885,0.202390241,0.613288695,-2.977228256,1.394288252,-8.514792976,7.34759862,2.454543354,-0.415572851,-1.398472296,2.410486736,1.918407578,0.39426497,5.103899147,0.898390899,0.46701188,1.448420485,NA,1.555661432
202,20200,2.339531445,5.747198836,-3.137319551,0.433849287,0.433468207,-2.935579685,1.468154831,-8.715427339,7.45028043,2.626198814,0.187695672,-1.646655962,2.246065962,1.978377225,0.452731332,5.019629147,0.736558511,0.225687956,1.60342135,NA,1.436340601
203,20300,2.500651976,5.52319538,-3.064535568,0.426216544,0.471592418,-2.820614188,1.56436126,-7.552539772,7.6049242,2.786375274,0.211378138,-1.693901813,2.040176631,2.089913483,0.497256136,5.042328147,0.894684085,0.219467116,1.826574166,NA,1.331012794
204,20400,2.473698357,8.067247645,-3.027967639,0.920854999,0.617493034,-2.750714978,1.663382489,-8.05929356,7.795073,2.974775735,0.197636698,-1.313292452,2.202613097,2.347868052,0.384811234,5.097623147,0.781568588,0.423977221,2.397079476,NA,1.244172981
205,20500,2.460890439,8.716335765,-2.853568319,0.813067232,0.683331777,-2.703229465,1.771781767,-8.007462124,8.13589981,NA,0.342742925,-1.254091854,2.380015354,2.244551521,0.250621778,4.885108639,0.697051496,0.203314676,1.843636787,NA,1.568010923
206,20600,2.445394728,2.051631643,-2.873133325,0.34569305,0.865374405,-2.657042506,1.757186638,-8.312147354,8.09393043,NA,0.421410286,-1.55195993,2.549347611,2.099752174,0.405970897,4.586071967,0.649978216,0.002492186,1.301612219,NA,1.145581064
207,20700,2.258449335,4.208046575,-2.87496963,0.310863276,0.873761516,-2.767274963,1.763490708,-8.60800539,8.192609,NA,0.408133398,-1.577018311,2.628445879,1.892407931,0.260136325,4.813346071,0.759092346,0.200074954,1.702793173,NA,1.131454421
208,20800,2.284533065,4.430221147,-3.028173614,0.580442168,0.828335911,-2.874935261,1.531903255,-8.477713517,8.11681562,NA,0.262086163,-1.516684267,2.699093722,1.98636098,0.198890768,4.995826692,0.920053629,0.278378232,3.085104143,NA,1.167577098
209,20900,2.603033119,8.22014484,-3.088341392,0.568044555,0.981198346,-2.828991511,1.807886876,-8.726706834,8.3086752,NA,0.214260528,-1.74427386,2.840069622,2.353999772,0.199814489,4.98109638,0.92318662,0.284043986,1.758581996,NA,0.87072446
210,21000,2.682546585,5.52482176,-3.029755803,0.66174308,1.09871977,-2.915192563,1.732647696,-8.863778118,8.5730742,NA,0.37152223,-1.849677015,2.87505999,2.457339951,0.291530964,4.867207544,0.969484781,0.338988432,2.014111167,NA,0.88665574
211,21100,2.813236549,4.873646665,-3.053554791,0.523711064,1.086549503,-2.748963357,1.677573567,-8.748017769,9.1170952,NA,1.029175206,-1.746039158,2.976628858,2.477291102,0.363336413,4.784326708,0.943271034,0.334251039,2.301212834,NA,0.434267555
212,21200,2.630368297,7.042047145,-2.949495011,0.17585852,1.036580445,-2.81520505,1.701739814,-8.833830909,9.3673722,NA,1.009958494,-1.813670718,2.928088692,2.405687108,0.387755741,4.623127528,0.935468281,0.240886619,3.444331818,NA,0.18286889
213,21300,2.882626629,8.25212493,-2.71696247,0.33034423,0.986196694,-2.644618115,1.764156484,-8.457736008,9.8839052,NA,1.349800972,-1.788628614,2.80234092,2.263942617,0.368744708,4.657498528,0.805663435,0.194635135,3.77798592,NA,0.740600436
214,21400,2.833381866,6.97428512,-2.363068048,0.190513716,0.914870551,-2.457256804,1.625565505,-8.554629125,9.21080478,NA,3.075130692,-1.897374982,2.691141416,2.257346142,0.420635282,4.645028528,0.810930571,0.212240811,2.590486885,NA,1.094823303
215,21500,2.778204041,5.61826136,-2.393316096,0.50621737,0.886921603,-2.569021825,1.746003375,-8.503032138,8.60568331,NA,2.860158787,-1.800081436,2.789007819,2.367668172,0.472850658,4.710279028,0.603497957,0.43797858,2.170305139,NA,1.116441881
216,21600,2.785111669,6.988161145,-2.364069916,0.386935795,1.025054081,-2.442235116,1.703004172,-8.355299267,8.16436689,NA,2.690361194,-2.183175476,2.841734234,2.394519483,0.342670891,4.88333938,0.492804752,0.169615987,2.129006143,NA,1.526231944
217,21700,2.921410079,9.43148174,-2.332380368,0.328451439,1.159942931,-2.542867625,1.701355443,-8.248022533,7.55101647,NA,2.663257493,-2.11668702,2.75518807,2.149339068,0.202727,5.130664708,0.564269408,0.342893948,2.11149933,NA,1.414854599
218,21800,2.823364322,7.28684124,-2.197870771,0.405610958,0.966994369,-2.540858987,1.509474563,-8.053389139,7.196600004,NA,2.68673403,-1.961811994,2.740916604,1.744473009,0.338980203,5.272016036,0.679284247,0.655738231,2.46808794,NA,-0.079508857
219,21900,3.056649563,6.517171045,-1.989090476,0.379498132,0.911980937,-2.719330918,1.767797084,-8.181599199,6.959486035,NA,2.781564529,-1.825209283,2.644387138,1.776671332,0.381530146,5.440919075,-0.348572238,0.466559088,2.398012671,NA,0.117874436
220,22000,2.960062417,4.719667835,-1.833364883,-0.247055277,0.609438326,-2.761059734,1.549430831,-8.220482238,6.81192502,NA,2.794557208,-1.726880034,2.607676118,1.836936607,0.398184045,5.510871204,-0.145168463,0.119478343,3.50351339,NA,0.157758486