"","time","new_zealand","greenland","n_atlantic","s_atlantic","indonesia","japan","oregon","alaska","china","congo","mediterranean","antarctica","arabean_sea","gulf_of_mexico","e_pacific","s_australia","philippines","s_america","iceland","scandinavia","w_africa"
"1",100,-0.1077541115,2.8993903395,-8.192985535,0.7589159535,1.791426778,-0.02183135,NA,1.6236122742,NA,NA,1.79607594,0.5349257885,-2.436089547,0.645116687,NA,NA,-0.00132060049999999,NA,-2.097883105,-0.93496868025,0.301563624
"2",200,-0.301164448,1.7743902205,-8.199235916,0.1391265095,0.11461267625,0.351976633,0.339672461,1.4655867234,NA,NA,1.89817988866667,0.30967325,-1.598163536,0.578450024,0.546512246,NA,0.212078884,NA,-1.112122774,-0.82559001425,0.4586965925
"3",300,-0.3965180515,1.5993902085,-8.170485497,-0.117744297,-0.10008576525,0.100119630666667,0.2425570785,1.3828451126,NA,NA,1.85164062166667,0.283213623,-1.409936023,0.511783361,0.527281523,NA,-0.0341698825,NA,-0.540171951,-0.8864361345,0.615829593
"4",400,-0.462927371,2.324390292,-8.089236259,-0.338506952,-0.16558836875,0.313276589,0.1887109205,1.3382414312,-2.724715471,NA,1.80197640266667,0.9314807655,-1.235200573,0.577080756,0.540672719,NA,0.552793756,NA,-0.9469169825,-0.90171142675,-0.31232962
"5",500,-0.32004565,2.0993902685,-7.947271347,-0.1490589975,0.180947371,0.100424312,0.2039824125,1.368473336,-2.780271053,NA,1.3782107235,-0.330948934,-1.2558354935,0.495830759,0.7274608015,NA,-0.0288405715,NA,0.383186832,-0.6975158155,-0.351664066333333
"6",600,-0.1522955295,1.7243902235,-2.9916493295,-1.6874838475,0.01493400725,0.34869503225,0.252907749,1.3690684108,-2.835826635,NA,1.711840719,0.185792297,-1.27686724,0.577393256,0.5870578435,NA,0.313464522,NA,0.275401195,-0.5524094224,-0.144065697666667
"7",700,-0.13498503,1.2993902565,-2.87720143775,-0.663938299,0.13845102875,0.504597537,0.342080355,1.485736516,-2.891382217,NA,1.90934920325,-0.222957973666667,-1.2685184455,0.783643261,0.419872871,-1.24734211,0.3856385015,NA,-0.4653844985,-0.273252879666667,-0.076852397
"8",800,-0.00463581099999999,1.3493902385,-2.83812862625,-1.3913763165,0.219999445,0.64504989225,0.4576265665,1.5984218866,-2.946937561,NA,1.34965234975,0.572711288666667,-1.273945162,0.70184423,0.24174881,-0.984184206,0.4813661575,NA,-0.11302353425,-0.114788557,-0.180315782666667
"9",900,-0.134238601,1.5743902325,-2.72781759475,-0.8254250585,0.338480058,0.5724271945,0.4237222225,1.5801332324,-3.002493143,NA,1.06186705816667,0.304398571666667,-1.097105335,0.780628033,0.021193564,-0.799973667,0.356986828,NA,0.2382336445,-0.284069942833333,-0.148428281333333
"10",1000,-0.2978343965,3.3993903395,-2.76979699725,-0.571515441,0.00277750183333334,0.59124400825,0.4293783415,1.4939855606,-3.058048725,NA,1.25296413916667,0.284632194666667,-0.859010097,0.825722039,-0.256114349,-0.799973667,0.104660391666667,NA,-0.308364898,0.0377448486666666,-0.191803937333333
"11",1100,-0.3686404825,1.4743902085,-2.83264642975,-0.425671205,-0.0210000001666667,0.3742254198,0.511957541,1.4647646418,-3.113604307,NA,1.17282729057143,0.344282150333333,-0.9683858515,0.76183074,-0.5399781915,-0.799973667,0.130740493333333,NA,-0.2589130995,0.119803426166667,-0.233212180333333
"12",1200,-0.171792567,3.1743901965,-2.72399410625,0.3483602625,0.1259964865,0.5256519944,0.594536707,1.4521295934,-3.169159889,NA,1.10945575071429,0.526905875666667,-1.2617281965,0.64416407,-0.777783195,-0.799973667,0.221085353666667,-1.514546394,-0.0845695885,-0.0652110333333333,-0.157226925
"13",1300,-0.084135473,2.899390221,-2.42947179075,-0.331448395,-0.0468081295,0.6261343866,0.64250049,1.4291313364,-3.224715471,NA,0.851130832428571,0.28222886475,-1.3093995465,-0.2673947205,-0.751719435333333,-0.760500014,0.198549103333333,-1.500000954,-0.37563797825,-0.201248874333333,-0.217425895
"14",1400,-0.136002183,3.074390292,-2.463815421,-1.226160228,0.127809342,0.7320878832,0.7327720225,1.4769817306,-3.246937752,-0.537157416,0.808837890571429,0.56775413825,-0.979243767,-0.57952369,-0.572398475,-0.681552649,-0.193277660666667,-1.485455513,-0.3861272185,0.119085162833333,-0.0416975343333333
"15",1500,-0.220636547,2.2493902445,-2.59085348225,-1.3815298675,-0.132536250166667,0.3911912396,0.820021525,1.5196508524,-3.269159794,-0.543106318,0.852854683714286,0.34753348825,-0.8014037625,-0.509987764,-0.304709826666667,-0.602605283,-0.00426087800000001,-1.470910072,0.16778335,0.165524324,0.0141749233333333
"16",1600,-0.287665695,1.6993902925,-2.6999245135,-1.05780679,0.0388983278333333,0.4241811806,0.8284248705,1.48231998,-3.291382074,-0.509322524,0.952507327571429,-0.06363293525,-0.904690821,-0.3141623735,-0.08132562,-0.523657918,-0.134442357666667,-1.456364632,-0.02019304775,0.238120534666667,-0.00539120533333333
"17",1700,-0.209180981,2.449390292,-2.79210000125,-2.0749437805,0.174242739833333,0.4451599774,0.843009591,1.4250186168,-3.313604355,-0.475538731,1.04762669742857,0.12685734025,-0.990069487,-0.059503518,0.15495890025,-0.511838078,-0.0559256523333334,-1.441819191,-0.333346095,0.00255589933333333,-0.022179559
"18",1800,-0.118979961,2.2493902445,-2.8394128045,-1.249297559,-0.0718387801666667,0.4915647152,0.858281061,1.3278501606,-3.335826635,-0.441754967,1.21275045185714,0.02275954925,-1.0053182835,0.264398396,0.207575156,-0.528787255,-0.182664493666667,-1.405364633,-0.28123700625,0.119181945833333,-0.00750045000000001
"19",1900,0.1230818625,4.0243902205,-2.848216057,-1.6270430235,-0.253720814571429,0.2009824176,0.859129466,1.2438049062,-3.358048677,-0.407971174,1.39200278271429,0.24334827825,-1.0170074085,0.09570007,0.3588787378,-0.545736372,-0.015207714,-1.366475701,-0.217089109,-0.0237226104285714,0.105442171333333
"20",2000,-0.864042639666667,2.799390197,-2.81408657125,-1.094239712,-0.0632532797142857,0.6678306456,0.826324016,1.2138430626,-3.380270958,-0.386486173,1.35397212575,0.051417619,-0.8777984995,-0.1850366965,0.3882715404,-0.562685549,0.0631268523333333,-1.327586889,0.04398618625,0.347894321428571,0.119517594333333
"21",2100,-0.786646068,2.1243902445,-2.73013719175,-1.1854360665,-0.172669248,0.699020729,0.735826321,1.3025803886,-3.402493238,-0.762661695,1.4366007785,-0.00115626125000001,-0.73858959,-0.773515366,0.4109976828,-0.579634726,-0.0660186906666667,-1.288697958,-0.52935460925,0.308046477142857,0.126219540666667
"22",2200,-0.730741302333333,3.4243901965,-2.5936716795,-0.928722203,-0.0628585615714286,0.7490371248,0.33198016,1.4376911,-3.424715519,-1.138837218,1.59773645,0.025559701,-0.720099008,-0.633575267,0.3129755738,-0.596583843,0.0259753686666666,-1.249809027,-0.318908416,0.133331575571429,0.117842117666667
"23",2300,-0.826485912,2.6243902445,-2.566107139,-0.625004336,-0.0521635264285714,0.6772638956,-0.032336086,1.4472480072,-3.324715376,-1.51501286,1.833627931875,0.1509687155,-0.7076772195,-0.204004381,0.173035021,-0.599973679,-0.040975327,-1.207216501,-0.4096901715,-0.0841434597142858,-0.00658468399999999
"24",2400,-0.922919710666667,2.774390221,-2.50341273875,0.5126092135,-0.253927673285714,0.8169937242,0.0277649165,1.4201976916,-3.224715471,-1.46515727,1.90061875625,-0.26092534525,-0.5649962165,-0.107246816,0.0932850016,-0.599973679,0.207009863,-1.160920143,0.24085637925,-0.0217403185714286,-0.216108501
"25",2500,-0.840301036666667,4.1743900775,-2.57790255525,-0.5885224935,-0.0341248947142857,0.932518628,0.087865919,1.3156755132,-3.124715328,-1.334152818,1.867038918625,0.15469646375,-0.3006815835,0.040706442,0.069492778,-0.599973679,-0.241483143333333,-1.114623904,-0.45815753925,0.0991905798571428,-0.237228130333333
"26",2600,-0.744856913666667,2.699390173,-2.631395817,-1.6979706885,-0.170211521142857,0.8151230284,0.136001125,1.2394892588,-3.024715424,-1.375933528,1.506100271,-0.17944553875,-0.2807633435,0.2347670645,0.00439631039999999,-0.581223667,0.0613252496666667,-1.068327546,-0.5818937645,-0.173736508428572,-0.215192109333333
"27",2700,-0.65844055,2.824390173,-2.446444303,-1.934892416,-0.0877981791428571,0.7378982708,0.194392726,1.1939679674,-2.924715519,-1.5590837,1.101019593125,-0.0806981645,-0.4853087985,0.1912641785,-0.078526017,-0.549973667,-0.0197682826666666,-1.022031307,-0.859168306,-0.0522780528571429,-0.301168871666667
"28",2800,-0.635508736,4.049390316,-1.8521238865,-0.4026484935,-0.2138882,0.6337705106,0.248938188,1.1668083816,-2.824715376,-1.742233872,0.880859734625,0.372669529,-0.6113910495,0.0765134375,0.1252552964,-0.518723667,-0.193426000333333,-0.977091908,-0.67566938675,-0.0980291304285714,-0.239068726666667
"29",2900,-0.604545235333333,3.599390268,-2.08963838225,-0.3712571335,-0.155625705,0.5993185192,0.061175957,1.2128837824,-2.724715471,-1.685419917,0.908867783875,0.34865799775,-0.604574613,-0.0428497305,0.308881569,-0.487852484,0.391626703333333,-0.944364607,-0.809500709,-0.177818380428571,-0.0275837133333333
"30",3000,-0.591973066333333,2.1493902205,-2.245536551,-0.921567209,-0.142820447571429,0.5702046008,0.119567573,1.2868285504,-2.624715328,-1.575930834,1.143864516375,0.095712874,-0.49233959,-0.0817183775000001,0.4763731242,-0.457549453,0.369240758,-0.911637366,-0.93988584725,0.02298114,-0.382765342666667
"31",3100,-0.547521909,3.0243902205,-2.3572217375,-1.599235013,-0.0785980068571429,0.7304213212,0.2394976315,1.357384224,-2.524715424,-1.446003795,1.260253936,0.33775280025,-0.3036544,0.000273555500000022,0.3425739528,-0.427246422,0.294328250333333,-0.878910065,-0.9624691235,-0.101088900571429,-0.389229039333333
"32",3200,-0.581110517333333,2.7493902445,-2.245221153,-1.1223003565,-0.170690323,0.9026635944,0.2720650735,1.3967915682,-2.424715519,-1.081040263,1.130871513875,0.33506870275,-0.304868975,0.225708685666667,0.060870713,-0.387473702,0.227251164,-0.846182823,-0.476492848,-0.0485511292857143,-0.233536035
"33",3300,-0.625966072333333,4.6493902205,-2.163983494,-0.3447776405,-0.255551483428571,0.6060401544,-0.0448180435,1.4454438954,-2.1947155,-0.716076791,1.321675552,0.29544499875,-0.30608355,0.358700067,0.1650552628,-0.262473702,0.248071665666667,-0.813455522,0.34788743375,-0.0492881578571428,-0.147787297666667
"34",3400,-0.46904202175,3.549390316,-2.2124699055,-1.0656986535,-0.300106810714286,0.6398585972,-0.3507121505,1.4130255936,-1.964715481,-0.400311023,1.348283101,0.53204362475,-0.394398625,0.420759468666667,0.4039887906,-0.137473688,0.328993474,-0.791475713,0.21169821925,0.030351213,-0.163320616
"35",3500,-0.51931717975,3.299390316,-2.19332771,-0.946668416,-0.324265415571429,0.5302494912,-0.4423205405,1.3625243098,-1.734715462,-0.180046722,1.427326057125,0.32320938075,-0.4366110565,0.362308378,0.5359723746,-0.012473689,-0.00685279599999999,-0.776660919,-0.87835410225,-0.122737888714286,-0.0739519733333333
"36",3600,-0.5030952395,2.9243901965,-2.2139032705,-0.587239295,-0.357714719,0.7342356296,-0.3377750815,1.3027661384,-1.504715443,0.022870719,1.567492253875,0.602863226,-0.495906856,0.317740236666667,0.6554906786,0.033988576,0.167693276333333,-0.761846125,-0.467456629,-0.086448182,0.112288788666667
"37",3700,-0.62041465925,4.524390221,-2.181581199,-1.0732061865,-0.138641417571429,0.738628748,-0.294768095,1.326715818,-1.274715424,-0.004677489,1.6384952775,0.75703992325,-0.5932958115,0.260636712,0.5819982828,0.071724422,0.191605876666667,-0.747031271,-0.3621995895,-0.153675712428571,0.0653897326666667
"38",3800,-0.54518298075,3.049390316,-2.213301398,-0.2051136795,-0.166940299571429,0.612942776,-0.2517611085,1.358750677,-1.044715405,-0.032225698,1.67481419825,0.32607946,-0.603499893,0.164110278,0.6102879644,0.109460272,0.262767484666667,-0.732216477,-0.018583357,-0.202899600714286,0.0224589086666667
"39",3900,-0.60855834175,3.4993902445,-2.2367301285,-0.9135459065,-0.266225205,0.6917625844,-0.3010618015,1.4463636964,-0.814715445,-0.059773907,1.624389655875,0.40080416575,-0.6646407275,0.0823829026666667,0.6388910294,0.147196129,0.424775933333333,-0.712000966,-0.1747734545,-0.0130422497142858,-0.0853528603333333
"40",4000,-0.74428826575,3.6243902445,-2.21134971075,-1.078237914,-0.117016962428571,0.726368077,-0.3451427295,1.5659339162,-0.584715426,0.039297234,1.6726317145,0.311288627,-0.750869814,-0.00817905,0.4557935418,0.184931979,0.418171907333333,-0.670182824,-0.02053517125,0.111599637,0.0818353643333333
"41",4100,-0.77577872575,3.5243902205,-1.937396884,-1.3371193705,-0.0966145375714286,0.5909370006,-0.2334544135,1.6432351618,-0.354715437,0.299520284,1.7822173275,0.3498351575,-0.5525136525,-0.125600129333333,-0.0381742658,0.23335965,0.369419579666667,-0.628364623,0.369549712,-0.0162960185714285,0.155754382333333
"42",4200,-0.62699298575,3.549390197,-3.88120633375,-1.219275296,-0.0874288038571429,0.6364106118,-0.3566562015,1.6265383334,-0.124715447,0.559743345,1.870637308875,0.30514388175,-0.080794195,-0.235850523,-0.1968445628,0.288915187,0.548834780666667,-0.586546421,0.735655807,0.168770892142857,0.205838874
"43",4300,-0.623031199,3.449390292,-3.2855962515,-1.2514554085,-0.0497322322857143,0.6303382828,-0.3444184585,1.5314812092,-0.104715444,0.52435267,1.837916027625,0.7231585725,0.456083633,-0.304477498,-0.132202995,0.344470769,0.920810558,-0.544728279,0.43747516325,-0.077147601,0.179503621666667
"44",4400,-0.69189447175,4.4743902685,-2.88775399325,-1.371412605,-0.163623473142857,0.6064956516,-0.2244883775,1.4988047204,-0.084715448,0.390424103,1.784574489875,0.64807169525,0.9913131095,-0.206980675666667,-0.0698094608,0.400026321,0.3180984855,-0.502910078,-0.27048401525,0.0808290775714286,-0.0878218213333333
"45",4500,-0.6184177695,3.0493901965,-2.431965381,-1.184294164,-0.264565774428571,0.7286923602,-0.1045583135,1.4139531076,-0.064715445,0.439836681,1.76761902675,0.67161946,1.347264034,-0.0904821133333333,-0.00651402699999999,0.455581874,0.342794923,-0.486475736,0.273057982,0.211282500142857,0.0427030596666667
"46",4600,-0.42053778225,2.8743902445,-2.027570903,-1.08876282,-0.395260134714286,0.6130788916,-0.406987451,1.3690740728,-0.044715445,0.584197581,1.96815487825,0.38355728975,0.389735077,0.0622186166666667,0.1046258478,0.493574709,0.258566506,-0.480920166,-0.101330355,0.168812609285714,-0.114475185666667
"47",4700,-0.3299740255,2.849390268,-2.10192698625,-1.419964209,-0.112781751,0.5826543018,-0.4401858525,1.302403304,-0.024715448,0.358633667,2.1659722945,0.112914223,-0.534936738,0.107725606666667,0.2034277464,0.461316645,0.2775843795,-0.475364625,-0.5456757545,0.282771972714286,-0.00210215666666665
"48",4800,-0.360401459,3.374390125,-2.6889318825,-1.1206933855,-0.125808452571429,0.7222634234,-0.419538051,1.3485890508,-0.004715447,0.133069769,2.12926521525,0.3983505005,-0.5068898645,0.112450103,0.3106949644,0.429058582,0.2154940265,-0.469809055,-0.0772659925,0.122587938571429,0.126937542
"49",4900,-0.3810497075,3.749390364,-2.99376592025,-0.6772813645,-0.129215161,0.791181113,-0.481781535,1.5003596484,0.015284553,0.497526377,1.9398750775,0.37184433625,-0.3247308465,0.230287947,0.2538873026,0.403252125,0.04824710175,-0.464253515,-0.723014922,0.398685468142857,0.158044313333333
"50",5000,-0.4026441985,3.824390292,-2.522962302,-0.388786167,-0.0982124234285714,0.6688718944,-0.459276989,1.5437796592,0.035284553,1.186920285,1.900470683125,0.29951705425,-0.2373498655,0.213998367666667,-0.00798918419999999,0.435510188,0.39603227475,-0.448697954,-0.42463648325,0.222247524714286,0.363054849
"51",5100,-0.37995547825,3.424390316,-2.212578535,-0.7821241915,-0.16725211,0.623779097,-0.436772473,1.5292254224,0.055284552,0.997526348,1.764248579625,0.372173243,-0.3876080225,0.097243117,-0.0497833724,0.467768252,0.20174387825,-0.409809053,-0.0787664205,0.184452459285714,0.5537739
"52",5200,-0.3737830745,3.2743902205,-2.05508644875,-0.0526413025,-0.0734244761428571,0.7299135058,-0.417716205,1.5061738312,0.075284556,0.80813241,1.53254076075,0.42495900025,-0.6027398965,-0.0122208196666667,0.0322187414,0.500026286,0.315026367,-0.370920181,-0.16418099425,0.227637388857143,0.405731965666667
"53",5300,-0.448470071,2.824390292,-2.28157266975,-0.610281356,-0.115119425428571,0.7958299248,-0.4086069095,1.4783267542,0.095284551,0.8099702,1.3490745165,0.5472450145,-0.733961616,-0.0358694543333333,0.0709118538,0.532284379,0.17453323675,-0.33203128,-0.206353128,0.213911954714286,0.284089113
"54",5400,-0.4397379625,4.1493901015,-2.31664595025,-1.441171261,-0.136891702285714,0.6115807386,-0.364882186,1.4584440544,0.115284555,0.962061465,1.436782809125,0.40635145075,-0.764550818,0.0114465713333333,0.0137269916,0.564542413,-0.11809597025,-0.293142408,-0.23118425875,0.231885280714286,0.148921750666667
"55",5500,-0.4452650715,3.949390292,-1.883944534,-1.096755147,-0.135140400285714,0.6641616016,-0.311926726,1.4955816194,0.135284558,1.11415267,1.588068441625,0.3414551765,-0.385378588,0.0812017543333333,-0.00917830180000002,0.596800506,0.350908508,-0.254253507,-0.5476098135,0.438256692571429,0.235290679
"56",5600,-0.51969083025,3.9993902445,-1.78929246975,-0.8053144515,0.0604309547142857,0.8553251324,-0.2776159605,1.506016682,0.155284554,1.167264819,1.7677046545,0.46216347825,-0.0120922885,0.027606216,0.085011953,0.62905854,-0.00626078149999998,-0.22581917,-0.64944332825,0.508567396,0.317038995333333
"57",5700,-0.38978903725,3.3993902205,-1.90615139175,-0.8715766965,0.0710565382857143,0.7791406002,-0.2485432665,1.43228835,0.17528455,1.212926984,1.80247852675,0.297521062,0.1708822705,-0.0939601683333333,0.2223304734,0.661316633,0.30032714175,-0.198546439,-0.78113125625,0.305989530428571,0.410801502333333
"58",5800,-0.3358478175,3.649390221,-1.7096588125,-1.4997958245,0.0542947455714285,0.5965045886,-0.2711372635,1.358584574,0.181951225,0.933651567,1.793176451625,0.4589368705,0.0782451765000001,-0.218612961333333,0.2367453904,0.693574727,0.4903527935,-0.171273708,-0.42425292725,0.455273926142857,0.493320984
"59",5900,-0.32123656575,3.949390292,-1.5354326215,-1.5706608295,-0.147116835571429,0.5683257238,-0.249055924,1.3351267946,0.188617885,0.540208936,1.803705097125,0.31159590225,-0.1083226565,-0.133965546666667,0.209053871,0.73139888,0.2132264715,-0.144000992,-0.07895759475,0.493047199142857,0.279256994666667
"60",6000,-0.29450151325,2.9993902445,-2.115478385,-1.58928901,0.0883127284285714,0.6804731382,-0.225610936,1.392516525,0.19528456,0.146766305,1.785880903125,0.15381471175,-0.0226184065,0.0384477936666667,0.1151191238,0.770614564,0.3684305805,-0.116728261,-0.21235337875,0.644308520142857,0.323351522
"61",6100,-0.31328006075,3.999390364,-2.17680155825,-0.999047498,-0.172486924714286,0.5680393972,-0.2679668225,1.5586901744,0.201951221,-0.173476771,1.786057184875,0.4066471755,-0.072842357,0.215864514333333,0.0808787762,0.809830248,0.406069303,-0.095179439,-0.8173815385,0.493593194714286,0.572830647333333
"62",6200,-0.65953171975,3.374390125,-1.85365209725,-0.860375474,-0.0257101632857143,0.5384398564,-0.3579417845,1.6678211986,0.208617881,-0.460833102,1.84012469,0.190302074,-0.100047279,0.286001506,0.0226446674,0.849045932,0.27257535625,-0.082216471,-0.73442754525,0.436712694857143,0.431854024333333
"63",6300,-0.37665221075,3.8743902445,-1.6126932855,-0.593407591333333,-0.0891163508571429,0.6721945466,-0.4461851115,1.7158798776,0.215284556,-0.024807204,1.876973053875,0.25132244425,0.148925324,0.242702131333333,0.012413675,0.888261616,0.1806728525,-0.069253512,-0.7089076865,0.393486551,0.262358352666667
"64",6400,-0.338801995,4.199390173,-1.399399273,-1.256438752,-0.00868358942857144,0.6371520492,-0.5545583285,1.6417050572,0.221951216,-0.575988293,1.900507904875,-0.1817042755,0.1148322675,0.151917725666667,0.062672601,0.886300802,0.04562339375,-0.056290548,-0.2440066225,0.535395958571429,0.194021771333333
"65",6500,-0.2720134335,3.3743902445,-1.524039708,-0.750937938333333,-0.176901302714286,0.6230038166,-0.687891654,1.6550283252,0.228617892,0.183846712,1.909418754375,0.137472834,-0.0647733065,0.0955078776666667,-0.18844172,0.86669296,0.224296134,-0.043327585,-0.446595952,0.391198846,0.498504102333333
"66",6600,-0.150371071,3.924390197,-1.87414248275,-0.814204399666667,0.0355243732857143,0.6690785768,-0.540272585,1.635667189,0.235284552,1.231465817,1.88073709225,0.120528359,-0.363745909,0.189118773666667,-0.1230912452,0.847085118,0.14473584775,-0.030364621,-0.33665488675,0.344886443428571,0.568516469333333
"67",6700,-0.353404671,4.199390173,-2.148500696,-0.278508183666667,0.000532493142857146,0.6876250912,-0.468844018,1.6502773256,0.241951227,2.047379732,1.764907766,0.20770012225,-0.288745909,0.243007927,-3.36121999999994e-05,0.827477276,0.19276606675,-0.034000985,0.000960495249999999,0.245782947857143,0.551618688
"68",6800,-0.22503251575,4.5493901965,-1.46968782675,-1.38587917866667,-0.0292409371428572,0.8259028612,-0.4122506295,1.7430971754,0.248617887,0.856482267,1.72731084925,0.06847647225,-0.273098767,0.319383916,-0.0423749298,0.807869434,0.27196631025,-0.037637349,0.00493443324999998,0.462099588142857,0.543916558333333
"69",6900,-0.2328183425,4.4743901495,-0.5798829498,-0.775638629666667,-0.0391183918571429,0.7957789006,-0.489173702,1.7689209758,0.255284548,-0.640200913,1.704798797125,0.1194711065,-0.47051256,0.348610063333333,-0.0997366756,0.761316657,0.14198579625,-0.041273713,-0.32998821275,0.676334321428572,0.335025514333333
"70",7000,-0.2424725815,3.7743903395,-1.9669403434,-0.409251954333333,0.120351301857143,0.5703575678,-0.2545583165,1.7383826046,0.261951208,-0.813016057,1.548476480875,-0.08132923775,-0.2514293775,0.349356590666667,0.0433158116,0.69680053,0.09171125425,-0.044910077,-0.53873100875,0.708496902714286,0.204175777666667
"71",7100,-0.21005284025,3.6493901015,-1.5272705794,-1.009899332,-0.181113332428571,0.2460460604,-0.3000128485,1.7257464142,0.268617898,-0.915791333,1.404575701875,-0.20423044275,-0.231472928,0.328108142,0.0843415768,0.632284403,0.205460529,-0.048546441,0.00781850524999994,0.597363807285714,0.321659624666667
"72",7200,-0.17679478225,3.424390197,-0.8928245246,-0.316954029,-0.241421004285714,0.5807771444,-0.347415469,1.7026226818,0.275284559,-0.583687961,1.2004289815,0.18294096725,-0.5172949495,0.307446906666667,0.0947080576,0.64841342,-0.08540606325,-0.040179435,-0.2524847415,0.860314947428572,0.349859148
"73",7300,-0.14784579375,4.424390316,-0.8249872328,-0.602768051,0.0706393452857143,0.5993366898,-0.3950345135,1.6712049306,0.281951219,-0.251584679,1.20962153275,-0.0676748305,-0.744191582,0.334510291666667,-0.0989357768,0.745187581,0.0671242985,-0.019809065,0.0810707805,0.720133321571429,0.181843121666667
"74",7400,-0.13101498025,4.27439034,-0.6285949426,-0.377535979333333,0.107484628142857,0.7588915454,-0.4045583225,1.6039042354,0.288617879,-0.296143323,1.20502440075,-0.09378445375,-0.812373192,0.296825627333333,-0.1721795136,0.841961801,0.142564442,0.000561304,0.353063902,0.497474987428571,0.152787305333333
"75",7500,-0.2354473695,3.4993902445,-1.0312383056,-0.32598645,0.144389821,0.716896841,-0.245467416,1.5265033722,0.295284539,-0.453211367,1.29646105875,0.2129785455,-0.7207065255,0.227496698666667,0.611365842,0.857169151,0.100542331,0.020931674,0.38454462575,0.554069328,0.00141969333333332
"76",7600,-0.36730852725,4.2493902445,-1.060544318,-0.322949389666667,0.0439289991428571,0.8110126554,-0.1545583075,1.519702643,0.30195123,-0.512755513,1.337765705875,0.05812414175,-0.7583012225,0.169557120666667,0.2720891644,0.750026286,0.0519229115,0.041302044,-0.00949275125000003,0.601407650142857,-0.0119550723333333
"77",7700,-0.36957653225,5.624390125,-0.4378625154,-0.245370058333333,-0.00212235242857143,0.9465302234,-0.1545583075,1.5433510004,0.30861789,-0.556423604,1.203215303875,-0.00580701050000001,-0.7863315255,0.179393589333333,-0.0436070494,0.64288348,0.1103672085,0.061487231,0.3102210985,0.773712628714286,0.0314547396666667
"78",7800,-0.21399375025,5.3493902685,-0.217019649833333,-0.114128992666667,0.0639584925714286,1.0640435218,-0.2500128665,1.5676382318,0.31528455,-0.195200905,1.0900288,-0.1482812545,-0.8905622945,0.127512956666667,-0.0610110094,0.578597724,0.166429555,0.08000575,0.5097690495,0.695929280428571,0.0886760033333333
"79",7900,-0.30016509475,3.924390197,-0.0836699556666666,-0.206533391333333,0.237014757714286,0.9620858878,-0.0345583105,1.3919254628,0.32195121,-0.67255187,1.190653763375,-0.3385069145,-0.951139218,0.197340434,-0.0021372928,0.542883456,0.03183175125,0.098524265,0.394514445,0.964607015285714,0.176748648333333
"80",8000,-0.29233857225,4.049390197,0.203100015666667,0.203295044,0.189494242285714,0.783624771,-0.045467402,1.2141455108,0.328617901,-1.257501841,1.383994538375,-0.226846989,-0.9598097865,0.229836732333333,0.1978619502,0.507169187,0.2027293605,0.117042787,0.165058583,0.914130321571429,0.111412183666667
"81",8100,-0.152092762,2.649390221,0.299145637,-0.597726434333333,0.325404771857143,0.6378568828,-0.3045582985,1.135428156,0.335284561,-1.394843817,1.376198129625,-0.05955216475,-1.1817262625,0.292102287,0.19756004,0.451541454,-0.099402785,0.135561302,-0.13240887675,0.699210995857143,-0.0841590263333333
"82",8200,-0.06770955375,-0.5006097255,0.264625805166667,-0.0683949563333333,0.188956206857143,0.7938138158,-0.5045583165,0.9567108016,0.341951221,-0.942986131,1.298686673,-0.223043056,-0.9758089505,0.318056186,0.170664084,0.390935391,0.14947407525,0.154079825,0.04966262075,0.271805942857143,-0.140199710666667
"83",8300,-0.11736645175,3.549390197,-0.0781770745000001,-0.151204357333333,0.136473659,0.699270141,-0.215084634,0.8260484068,0.348617882,-0.406073391,1.229401182125,-0.322875574,-0.8374143015,0.320653409,0.0957328528,0.330329329,0.1922700255,0.158362657,0.360845228,0.277440695857143,0.0244021113333334
"84",8400,0.00433491550000001,3.824390173,0.428498150166667,0.442915539,0.0553561628571429,0.7637742998,0.045441688,0.7123058886,0.355284542,-0.286095858,1.2464735495,-0.140502993,-0.6120464085,0.34636751575,-0.0091011338,0.300026298,0.292936191,0.156544462,0.25482139,0.547051681142857,0.075078089
"85",8500,0.1970376595,3.424390197,0.6294773255,0.138537779333333,0.127353279142857,0.7152842404,0.0681689615,0.5685633674,0.361951232,-0.480648369,1.201755534,-0.1757106515,-0.283634157,0.331994243,-0.1380771816,0.300026298,0.269455146,0.154726282,0.0786947012,0.364940411142857,-0.0987665033333333
"86",8600,0.278017394,3.699390173,0.429309713333333,0.0572388196666667,0.161785021571429,0.6796250282,0.2954416955,0.4557733594,0.368617892,-0.67520088,1.382024432125,-0.2834046855,-0.781812295,0.327985909,-0.4671820326,0.300026298,0.0187138625,0.152908102,0.4758258954,0.662436733428572,0.0520676176666667
"87",8700,0.18673287325,3.4743901495,0.309224528666667,0.294191628666667,0.0981089451428571,0.6124775054,0.0681689615,0.4836207746,0.375284553,-0.34553057,1.40840278675,-0.02680227,-0.8435815255,0.30420567175,-0.5574144894,0.270614535,-0.06685446475,0.151089922,0.3323804022,0.534629729285714,0.0939309893333334
"88",8800,0.0939810425,4.049390316,0.467557271333333,0.376225091333333,0.104677515,0.6317888112,0.131155976,0.5393560974,0.30528456,-0.025200905,1.527325999375,-0.108633195,-0.9644510905,0.2751344685,-0.2944591314,0.12355572,-0.04471789125,0.143709451,-0.5487817766,0.612361102285714,-0.189450196666667
"89",8900,0.03690595525,5.199390173,0.298770656166667,0.16624178,0.0397871472857143,0.7998445064,0.2263940655,0.5320085136,0.235284552,0.113094263,1.506326228875,0.01598900925,-0.95761497,0.1515588815,0.0560798382,-0.0235031,0.086947022,0.114079826,-1.3744707974,0.870797161714286,0.0775088866666667
"90",9000,0.13221475475,2.474390268,0.405431141333333,-0.259990125666667,0.08611943,0.6900478454,0.995441675,0.6746609208,0.165284559,0.087648965,1.48045531275,-0.0508182515,-1.27219691,0.12357009025,0.2145349264,-0.170561925,0.038111155,0.084450193,0.00601365559999999,0.794519371285714,0.263245394
"91",9100,0.0402661225,4.5243902205,0.00344259550000003,-0.0751671766666667,-0.00900199928571429,0.9912923516,0.9454416635,0.6659354746,0.095284551,0.062203676,1.53701406325,-0.033062027,-1.4106584485,0.08075487725,0.0951658576,-0.199973688,0.152294971,0.054820564,0.585412791,0.903171707571429,0.128471277666667
"92",9200,-0.0506147855,2.799390316,0.154648810666667,-0.0739043403333334,-0.102688574571429,0.6855112968,0.8415955605,0.5257025452,0.025284553,0.036758382,1.336337693,0.2499520675,-1.0358332735,0.0693382385,0.0898715408,-0.199973688,-0.023772205,0.025190935,0.1516297596,0.807913692857143,0.306195808
"93",9300,-0.084313114,3.824390173,0.271198590666667,-0.559173231333333,-0.0117288061428571,0.4945908042,0.818168983,0.5154696162,-0.044715445,0.089433238,1.132117953,0.34919095775,-0.5906118285,0.05102676125,0.1998965992,-0.199973688,0.21115118075,-0.004438696,0.3693685978,0.751261150285714,0.271092077
"94",9400,0.0182303545,3.7993901965,0.5643963265,0.09839047,-0.00893075328571428,0.4521766426,0.8875469565,0.5639485954,-0.11471545,0.21138446,0.89958423925,0.29115404575,-0.1906566555,0.09154815725,0.3125832518,-0.199973688,0.0947617415,-0.006000985,0.5920685322,0.593188246571429,0.367489377666667
"95",9500,0.03177376825,4.1243901255,0.265714334666667,0.905551493,-0.165566955428571,0.4146027268,0.811231166,0.4313629158,-0.18471545,0.316799104,0.73795775025,0.475537807,-0.2393028815,0.10513447175,0.2384230196,-0.199973688,0.08470621425,-0.00054644,0.2751878262,0.573591375166667,0.185923726666667
"96",9600,0.023191472,3.574390292,0.447037408666667,0.554134460666667,-0.0545685845714286,0.3481975556,0.6054417045,0.3287772448,-0.254715443,0.202513382,0.831514878125,0.64536704125,-0.325908583,0.14531872225,-0.0161225686,-0.199973688,0.00740035225,0.004908105,0.2342317998,0.455161785166667,-0.121029135
"97",9700,0.032703694,3.649390221,0.5969840165,0.143267755666667,0.0460032211428571,0.0484460502,0.6363507805,0.2523930608,-0.324715436,0.161580697,0.66122106025,0.37301322425,-0.5012716815,0.1522255385,-0.0997809278,-0.193522081,0.200585172,0.010362651,0.2869743456,0.617809871833333,0.085720112
"98",9800,0.08119804425,3.2493902445,0.699388588333333,0.0734275826666667,0.0692875661428572,0.0261738718,1.1029416625,0.1556969248,-0.296144009,0.276523232,0.543830745375,0.178458683,-0.424563774,0.1933163295,-0.0166389194,-0.161264017,0.06962699075,0.015817195,0.4656982778,0.236304039666667,0.255209644666667
"99",9900,-0.0100903505,2.6243902445,0.5445698785,-0.086190405,-0.0245222867142857,0.03333351,1.0779417155,0.0513018992,-0.267572582,0.324799091,0.495125810375,0.284245983,-0.3793323085,0.321463964,0.1543525442,-0.129005954,0.01216407125,0.0168576,-0.260828328,0.187837190833333,0.235731616333333
"100",10000,-0.0136056745,2.2493902445,0.314260336666667,0.0609734663333333,-0.123152156,0.1846308214,1.1254416705,-0.0488383802,-0.239001155,0.332618028,0.4387684985,0.35137860775,-0.3051067605,0.39801906775,0.1265496636,-0.093851238,0.00416556375,0.007598341,-0.0704633548,0.42558586,0.426247159666667
"101",10100,-0.06281984575,2.4243901965,0.330799083,-0.428718205666667,0.0305167882857143,0.1181620552,0.87210837,-0.0289786476,-0.210429728,0.373770297,0.387090109375,0.29795479975,-0.3382776615,0.411195144,0.0126575616,-0.032626752,0.1266105465,0.04193004,-0.1847830348,0.1749056326,0.244663725333333
"102",10200,0.0231299705,0.9493902175,-0.292757218,-0.0117236483333334,0.0973302487142857,0.2090785266,0.480441675,-0.0130304092,-0.181858301,0.414922565,0.362636871375,0.64652880275,-0.526661676,0.26921187625,0.0600548856,0.02859774,0.15566117975,0.012345836,-0.0515620395,0.2514788606,0.220123670333333
"103",10300,-0.02776521825,1.3493902085,-0.0440410518333333,0.155585679,0.165504894,0.318661967,0.484672457,0.024560691,-0.153286874,0.293764621,0.299792007375,0.2158296965,-0.4838070945,0.132566113,0.0868988106,0.089822233,-0.00338638299999999,0.0668878025,-0.00924172649999999,-0.1480708908,0.095028077
"104",10400,-0.071709203,0.899390232,-0.343037047833333,0.496323140666667,0.0765904985714286,0.228720373,0.4204416795,-0.041249145,-0.124715447,0.122903362,0.196970690125,0.547907616,-0.334443638,-0.0571285665,0.0795837714,0.151046723,0.2225733715,0.067608077,-0.123785207,-0.00988845519999995,0.127504715666667
"105",10500,-0.090770852,0.5743902475,-0.139297227,0.223530138333333,0.0781152058571429,-0.2009154668,0.250441693,-0.1392587126,-0.241382107,0.02811663,0.05577815425,0.35562070075,0.6931207065,-0.00451316700000001,0.13809363,0.208189577,-0.020130764,-0.1059293285,0.0713683545,-0.0807347238,0.274151512333333
"106",10600,-0.09961044025,0.0743902325,-0.299666614666667,0.137788643666667,0.0919260883333333,-0.3180328102,0.180441687,-0.2972682914,-0.358048767,-0.066670097,-0.277344535625,0.5285782405,1.5052443235,-0.07854846075,0.1987782688,0.249005899,0.01403303025,-0.020414829,-0.217870553,-0.354290559,0.138734668333333
"107",10700,-0.061998278,-0.4756097645,-0.0565436853333334,-0.127790058666667,0.0695181778333333,-0.3688150174,0.0521083585,-0.520450122,-0.474715441,1.567052603,-0.542738956,0.233298132,1.6711807965,-0.00531014049999999,-0.0482539356,0.289822221,0.01929212275,0.129633266,-0.0605278213333333,-0.8199907928,0.00879143433333335
"108",10800,0.1328637115,-1.4756097195,-0.404250705166667,0.283670815333333,0.0633070451666667,-0.6344579638,-0.259558305,-0.5079841496,-0.591382086,3.181280613,-0.667220991125,0.26531755575,1.1684064985,0.04952027275,-0.3229532788,0.330638558,-0.13670667175,0.105130793,0.331283805666667,-1.2429912644,-0.05295799
"109",10900,0.29925755875,-2.6256097555,-0.302921675666667,0.01597251,0.0051276105,-0.5688818098,-0.463933304,-0.6525585148,-0.708048761,1.051651001,-1.00922276625,0.1407873855,0.1648681205,0.01379940125,0.4140255758,0.371454895,-0.01218835175,0.064397373,0.349084218333333,-1.184546378,-0.229884835666667
"110",11000,0.01801865925,-1.4006097315,-0.168572631833333,-0.031734283,-0.021875695,-0.6391596554,-0.6164901105,-0.780263912,-0.824715436,-0.176840246,-1.55915811175,0.2605616375,-0.0422630715,0.04771154,0.1078567854,0.363291621,-0.07426768925,0.0642436615,0.315257172,-1.0356271415,-0.064219569
"111",11100,-0.10081864525,-2.675609827,-0.604791325833333,0.376688798,-0.0649911638333333,-0.7067503246,0.065328062,-0.5579692762,-0.584715426,0.424252659,-1.884565063625,0.287937184,-0.1117229395,-0.0716704055,-0.23906635,0.24084264,-0.17040660425,0.0681830555,0.535646112,-1.338781189,-0.0932805983333333
"112",11200,-0.0101357345,-2.850609779,-0.178363305666667,-0.421064596666667,-0.0831155651666667,-0.626430148,0.497146219,-0.6616238892,-0.344715446,0.924799085,-1.877158463,0.2447198855,0.096862919,-0.087547742,-0.0449196676,0.11839366,-0.18828786625,0.0625506455,0.180950229,-1.37724390625,-0.117939805
"113",11300,0.03093144775,-2.700609803,0.113181253833333,-0.416483695666667,-0.0462393298333333,-0.7578496278,0.241464406,-0.5127212402,-0.104715444,-0.180558041,-2.259348482,0.17749569675,0.2491831805,0.014411591,0.1930169868,-0.004055321,-0.228383259,-0.0398208985,0.127099236,-1.38699343425,-0.083933818
"114",11400,0.112161327,-6.1506099705,0.0922211245000001,0.173513672,-0.132713269333333,-1.158651471,-0.205467403,-0.5819502368,0.135284558,-1.106779814,-2.7229062655,-0.10026969025,0.5667178375,-0.18502106875,0.2082051456,-0.126504302,0.03360419375,0.020851039,-0.0361246043333333,-2.828711788,-0.232235995333333
"115",11500,0.13293937375,-2.075609684,-0.0325708116666667,0.0374291363333333,-0.307531436,-0.910887155,-0.710524231,-0.7512198554,0.375284553,-0.923885107,-2.90177845316667,-0.71437159775,0.909808394,-0.6611884215,0.100641952,-0.248953283,-0.2157128585,-0.0704533085,-0.130265116333333,-2.75325715566667,-0.308958898
"116",11600,0.0597793535,-2.050609708,-0.264945129666667,-0.701884894666667,-0.308304545,-1.054102084,-1.564643562,-0.9392837228,0.415284544,2.13249135,-2.99953425183333,-0.6489109695,1.265942429,-0.835859563,-0.0165087406,-0.371402264,-0.249212209,-0.1204533095,-0.371154447333333,-3.08878632366667,-0.314809809333333
"117",11700,-0.0548892635,-12.47560978,-0.471956233166667,-0.223100409,-0.1899061355,-1.122400588,-1.992200315,-1.2532728406,0.455284566,0.492311776,-3.051622299,-1.1087851375,1.566987846,-0.8218058685,-0.1624852746,-0.493851244,-0.32801859825,-0.2632069365,-0.393752654,-2.451005161,-0.344377259333333
"118",11800,-0.1458716785,-12.750609395,-0.932965268666667,-0.318156888,-0.223571324666667,-0.289884484,-2.3681946995,-1.2012938502,0.495284557,-1.436622262,-2.86057517416667,-0.95282450325,2.012363088,-0.71106655825,-0.2806350092,-0.616300225,-0.2666997985,-0.2610659595,-1.34769124766667,-2.3795966505,-0.363740464
"119",11900,-0.188916182,-14.70061016,-1.95090397,-0.661168813666667,-0.350441966166667,-1.8375446078,-2.436376512,-1.1823624018,0.535284579,-1.716184497,-2.90081837283333,-1.01859231275,2.4577383305,-0.84781369775,-0.504346174,-0.738749206,-0.32389456975,-0.2709473895,-1.990355276,-2.1963334085,-0.595501194333333
"120",12000,-0.2622328175,-12.175610065,-2.8385584055,-0.201316813333333,-0.340677286166667,-1.1662232222,-2.539852381,-0.942193234,0.575284541,-1.801051259,-3.09221966566667,-1.2734436915,2.582094465,-0.910391661,-0.5311446786,-0.811337352,-0.24227449725,-0.375031695,-2.0242536295,-2.047402859,-0.633279115
"121",12100,-0.373388851,-15.07560968,-2.93325933825,-0.977537234333333,-0.3503443215,-0.697663194,-2.591724157,-0.7554685952,0.700284541,-1.835064888,-3.358179182,-1.6459171175,2.517915567,-1.02859457225,-0.5427758038,-0.834064603,-0.339624297,-0.4119259565,-2.122535545,-1.88979274,-0.911411116666667
"122",12200,-0.328683272,-12.40060997,-2.783278525,-0.513965192,-0.349031624666667,-1.2257452788,-2.6255810855,-0.735162881,0.825284541,-1.869078398,-3.63488386066667,-1.865403354,2.426562756,-0.91252736175,-0.442596963,-0.856791854,-0.34216803875,-0.4301003445,-2.307118833,-1.8567657475,-0.887230615
"123",12300,-0.32802367975,-14.850609305,-2.56327160475,-0.985717495333333,-0.3116972745,-0.982702592,-2.6329674125,-0.6911501738,0.950284541,-1.812124014,-3.765142381,-2.273664564,2.3345126775,-0.590615359,-0.2806199452,-0.879519165,-0.546202503,-0.5971877725,-2.578003496,-1.9702225925,-1.116011699
"124",12400,-0.516534578,-15.175610065,-2.50971233525,-0.816406592666667,-0.4439410965,-1.1111795458,-2.565353751,-0.6919794948,1.0752846,-1.844227433,-3.7853936155,-2.3513135315,2.2048025325,-0.6416819465,-0.297072497,-0.924973667,-0.35299841525,-0.746104568,-2.7146413325,-2.060379386,-1.29043745966667
"125",12500,-0.59932353825,-13.85060978,-2.78837201,-1.221152405,-0.525729641333333,-1.8783263802,-2.5446150895,-0.7007510246,0.800284564,-1.976970792,-3.7669125895,-2.5671922565,1.8142228225,-0.9039595575,-0.3590062014,-1.174973726,-0.444759037,-0.8388414385,-2.8500105145,-2.058624983,-1.33518517033333
"126",12600,-0.719169577,-15.87560987,-3.06894202525,-1.230851442,-0.483314797,-1.2991790236,-2.6363765595,-0.853875655,0.525284529,-2.279486656,-3.54190832383333,-2.8128106595,1.543197757,-0.79205181825,-0.4491202086,-1.424973726,-0.3306144215,-0.8686852155,-2.9988356825,-2.0478952525,-1.41991806033333
"127",12700,-0.806061506333333,-17.500609395,-2.9952127785,-1.170571476,-0.624994445,-1.595156461,-2.506262898,-0.881989175,0.250284553,-3.065200806,-3.5543084145,-2.86928600075,1.1422592915,-0.8919145705,-0.4895248794,-1.674973726,-0.5727078765,-1.054392725,-2.725996196,-2.1685172915,-1.27788058933333
"128",12800,-0.911649674333333,-10.42560959,-2.89623319375,-0.7617099065,-0.829918072833333,-1.6413669108,-2.2511492965,-0.883649531,-0.024715448,-3.085617542,-3.46382787833333,-2.879687786,0.4786337275,-0.878951216,-0.4834780932,-1.924973726,-0.50145977925,-1.062297225,-2.5296274425,-2.1766393185,-1.09966581066667
"129",12900,-0.830596446666667,-6.925609827,-2.72121038675,-0.844151847,-0.743547787,-1.548719275,-1.9772855635,-0.928652358,-0.099715449,-2.981450796,-3.26861730216667,-3.006241083,0.0431561795,-0.6604296435,-0.5060234954,-2.222701073,-0.693655409,-1.0483464,-1.7357796575,-2.155594528,-1.187580645
"130",13000,-1.16179633133333,-9.6006097785,-2.3858956525,-1.29729113,-0.7614702335,-1.6788116216,-1.4909219145,-0.9927275658,-0.174715444,-2.825400114,-2.99200540783333,-3.13334316025,-0.159712673,-0.508044239,-0.5512443454,-2.540882826,-0.78864476075,-0.982037097,-1.4800862,-2.1716684105,-1.160656785
"131",13100,-1.34119624933333,-14.075609685,-1.3409289055,-1.1353156565,-0.784122057166667,-1.8688070536,-0.754558325,-0.89853938,-0.249715447,-2.66603756,-2.62633691216667,-3.3062184455,-0.391152954,-0.61037982625,-0.5066511958,-2.859064579,-0.66387215225,-1.001045078,-2.412859261,-2.0424930455,-1.224679897
"132",13200,-1.22470488133333,-11.15060949,-0.55709080375,-1.1255662445,-0.8593759935,-1.6781955064,-1.426433265,-0.9490873816,-0.324715436,-2.608151197,-2.36526931316667,-3.2154647115,-0.4825395085,-0.598432027,-0.4504084616,-3.177246332,-0.54775547625,-0.9200988115,-2.663419485,-1.8940015435,-1.297326187
"133",13300,-1.25472144266667,-7.6506097315,-0.6808576325,-0.9375427065,-0.6955413075,-1.8761621952,-1.4612547455,-0.9048627318,-0.499715447,-2.684779406,-2.20225682366667,-3.17915684,-0.5739260635,-0.58439192575,-0.4514194406,-3.399973631,-0.5997740215,-1.0334921775,-0.79740643,-1.919703841,-1.29630772266667
"134",13400,-1.439455489,-5.9756097795,-0.778413456,-0.6437932175,-0.724847105666667,-1.7633877874,-1.561701119,-0.8147573116,-0.674715459,-2.761407852,-2.065449156,-2.9746202825,-0.719481081,-0.65597390925,-0.4422028936,-3.399973631,-0.640763398,-1.0688772795,-0.4072103505,-2.028487504,-1.36792222633333
"135",13500,-1.60968387133333,-5.0006097555,-1.29805972075,-1.1514157055,-0.796172323333333,-0.9328762176,-1.484022647,-0.7323493662,-0.849715471,-2.775200844,-1.85861156383333,-3.11570978175,-0.9272787505,-0.722525604,-0.430652543,-3.399973631,-0.65090406875,-1.1038953065,-0.2683214545,-2.1108345385,-1.043226838
"136",13600,-1.37225727233333,-9.350610016,-1.1636384835,-1.0149136485,-0.826296717,-1.7800872446,-0.753219008,-0.7512371616,-1.024715424,-2.686986685,-1.75376867833333,-3.2283034325,-1.140719844,-0.8331193775,-0.4934653586,-3.399973631,-0.58220614325,-1.116659701,-1.018685655,-2.074602306,-0.941593577333333
"137",13700,-1.473870913,-5.2506098745,-0.73804248875,-1.302370012,-0.765453627,-1.4472586766,-1.6630404145,-0.823368918,-1.199715495,-2.222700834,-1.7802173875,-2.78377723675,-1.445704992,-0.60941153775,-0.5901217974,-3.399973631,-0.55957346425,-1.205993652,-1.470310241,-2.0917054415,-0.987286438333333
"138",13800,-1.65827782933333,-6.9006097315,-0.95895321675,-0.844101202,-0.7739477505,-1.759393406,-1.8947369155,-0.9379597308,-1.374715447,-1.758415222,-1.68859415666667,-2.717067361,-1.785172898,-0.92380584025,-0.6211209714,-3.387665987,-0.634221863,-1.10119772,-1.3719349505,-2.160417974,-0.960325807333333
"139",13900,-1.863732457,-5.575609684,-0.73922899375,-1.059805736,-0.8226851685,-1.1086083174,-2.7733082775,-1.0172393562,-1.5497154,-1.576062918,-1.703499193,-2.8133464455,-1.896550917,-1.08406117025,-0.624120632,-3.372281313,-0.6239508035,-1.0597397385,-1.8558689355,-2.005977273,-0.763028453333333
"140",14000,-1.957911372,-11.27560997,-0.9550216495,-1.161016345,-0.973145559333333,-1.5463422002,-2.260808349,-1.1219763192,-1.724715471,-1.853610039,-1.66099713733333,-2.87358039625,-1.5688097315,-1.252550274,-0.5512708902,-3.356896877,-0.6135077245,-1.021421075,-1.364042044,-1.301134706,-0.788178911
"141",14100,-1.81030631066667,-5.6506097315,-1.53800014125,-0.8503400535,-1.03868315616667,-1.6914298296,-2.448308349,-1.2833827376,-1.658048749,-2.194519043,-1.50757215416667,-2.850409329,-1.158309925,-0.83620304975,-0.533476454,-3.341512203,-0.674085751,-1.098332107,-0.6212223695,-1.52265799,-0.891320079666667
"142",14200,-2.26482351633333,-4.5256097315,-1.13022106875,-1.0394992235,-1.02060657733333,-1.7117337704,-2.810808301,-1.3368848444,-1.591382146,-2.453209162,-1.42070297716667,-2.8567230105,-1.0712710495,-0.62229885175,-0.6216830314,-3.326127529,-0.97533605975,-1.1960322855,-1.015380293,-0.800909698,-0.869551862
"143",14300,-2.24219302333333,-1.750609782,-1.23230625675,-0.711969823,-0.992276837333333,-1.58159256,-2.667058289,-1.4357910366,-1.524715424,-2.619184256,-1.32190805916667,-2.9088870885,-1.116190415,-0.6172186325,-0.7215365588,-3.310742855,-1.20192322875,-1.3731968405,-0.981178626,-1.476856709,-0.852503806333333
"144",14400,-2.21208866466667,-1.550609812,-1.40973220775,-0.4878922405,-0.938803007166667,-1.6645893306,-1.6878916045,-1.5154297978,-1.624715447,-2.768749237,-1.8789403935,-2.817940593,-1.171454608,-0.7061442845,-0.9041452228,-3.286212206,-1.33310172725,-1.388148129,-0.997279942,-1.001979232,-0.798562795
"145",14500,-2.52362779766667,0.6493902205,-2.16758027675,-0.07989122,-1.05544760816667,-1.5404446482,-1.4420583695,-1.5776997716,-1.724715471,-2.661222458,-2.47659149766667,-2.62139433625,-1.226718801,-0.809332706,-1.07865628,-3.24034071,-0.90125487,-1.2803559305,-1.0158709735,-1.386717796,-0.777459303333333
"146",14600,-2.609767596,-2.900609791,-5.153964698,-0.343640223,-1.13952369483333,-1.9038110734,-1.196225017,-1.7646256344,-1.824715495,-2.670439005,-2.5484764306,-2.9942620395,-0.996761319,-0.93125874175,-0.8997777282,-3.194469213,-1.307443082,-1.2446175815,-1.4362795055,-1.109388709,-0.713373367666667
"147",14700,-2.71205409366667,-15.02560997,-5.38375765125,0.170822948,-0.9926982762,-1.3582789422,-1.604558289,-1.6573247956,-2.074715376,-3.146629572,-3.144793284,-3.17206794025,-0.620990047,-0.942533046,-0.698830807,-3.148597479,-1.3853695095,-1.282733619,-1.5264554915,-1.091760516,-0.789986555666667
"148",14800,-2.770946741,-14.225609775,-5.46825817125,-0.509061292,-0.9957051934,-2.5832734348,-2.546224952,-1.5010386288,-2.324715376,-2.930409193,-3.5811789632,-3.313645363,-0.167669245,-1.006307986,-0.5318188786,-3.102725983,-1.561765596,-1.423111796,-2.6123488545,-1.014196396,-0.907688086333333
"149",14900,-2.75817561133333,-12.975609302,-5.47101080375,-0.802483726,-1.1332983138,-2.4350640536,-1.63789168,-1.7022673488,-1.974715471,-2.659816265,-4.0086513698,-3.63935250025,0.00697190349999999,-0.743513465,-0.3687860434,-3.056854486,-1.4789575785,-1.448812544,-3.333807647,-1.065398335,-1.070173914
"150",15000,-2.72521261366667,-15.9756093,-4.966082029,-1.018866092,-1.335218352,-2.57840561875,-2.581707239,-2.4904147266,-1.624715447,-1.890585542,-4.320792216,-3.53943514825,0.1816130515,-1.17217684925,-0.3487264544,-3.010982752,-1.430149421,-1.106432438,-3.061080396,NA,-1.20094283433333
"151",15100,-2.82307306933333,-13.70060968,-4.5376040345,-1.2683466375,-1.2275770842,-2.72244849775,-2.731707335,-2.8211193506,-3.824715376,-1.78512454,-4.3447309196,-3.6510359645,0.3562542005,-1.1786554865,-0.4473981088,-2.965111256,-1.45715346925,-1.089309096,-2.7348647715,NA,-1.2409482
"152",15200,-2.89852889366667,-13.9506096825,-4.190735162,-1.221544087,-1.1498850164,-2.581956744,-2.88170743,-2.863414425,-5.324715614,-2.029336214,-4.2424123466,-3.66124725325,0.790743833,-1.19335341075,-0.5329889906,-2.919239759,-1.15446740375,-1.072185874,-2.4539979695,NA,-1.257902523
"153",15300,-2.83966096266667,-13.800609585,-3.981037319,-1.101939261,-1.440728426,-2.50653347375,-2.915040731,-2.8657095136,-4.024715424,-2.3870821,-4.213262099,-3.88753879075,1.3018508895,-1.40693310275,-0.546603313,-2.873368263,-1.26138903225,-0.918319762,-3.9312707185,NA,-1.310979227
"154",15400,-2.62969815733333,-16.22560978,-3.83136099675,-0.763657689,-1.47369086725,-2.39061158875,-2.948374033,-2.5606599452,-4.624715328,-2.535596848,-4.2272472024,-3.83347249025,1.4538839485,-1.5110110415,-0.4888881906,-2.827496529,-1.41320826125,-1.027208686,-3.769915834,NA,-1.249413252
"155",15500,-2.91628237566667,-16.450610165,-3.68774595875,-0.8630853595,-1.675961584,-2.398573011,-2.981707335,-2.3629903318,-5.124715328,-2.669953108,-4.7396084904,-3.89015913,1.256079345,-1.185381081,-0.4241768726,-2.826640368,-1.423544243,-1.037208676,-3.582075156,NA,-1.11340284333333
"156",15600,-3.01884881633333,-14.0756092075,-3.486352324,-1.0304698645,-1.89979916825,-2.382372409,-2.84837389,-2.2654150966,-5.924715519,-2.582489491,-5.1959270296,-4.0442591905,1.058274742,-1.25607943525,-0.5323038592,-2.893306971,-1.5967811345,-1.123585463,-4.2070251705,NA,-1.03636290633333
"157",15700,-2.93335707966667,-19.050609585,-3.2804946605,-1.391722858,-2.00427445775,-2.3725223245,-2.715040684,-1.593702829,-6.724715233,-2.495025873,-5.29854514,-3.96556323775,1.281303472,-1.35869108875,-0.8756314428,-2.959973574,-1.688447818,-1.294237614,-3.320347294,NA,-1.09407864
"158",15800,-2.84081411366667,-14.5006094,-3.1811442825,-1.024188563,-2.09371656175,-2.7165628375,-2.581707239,-1.7553498746,-5.724715233,-2.407562494,-5.0828131376,-3.954840243,1.6957518075,-1.53641738725,-0.9295328604,-3.026640415,-1.84416455025,-0.940976799,-2.982506614,NA,-1.074730913
"159",15900,-2.977802714,-13.625609875,-3.22507466375,-1.0310987235,-2.11812695875,-2.693680316,-2.761707306,-1.7753498794,-5.924715519,-2.330200911,-5.0879476248,-4.2279440165,2.2374184745,-1.6040627955,-0.7893601344,-3.093307018,-1.9007174075,-1.09475255,-3.0958289805,NA,-1.07199555633333
"160",16000,-3.135959705,-15.650609495,-3.165913568,-0.19985044,-2.04423704725,-2.54957774275,-2.941707373,-1.8653499126,-6.124715328,-2.258772373,-5.212238872,-4.19076049325,1.662292424,-1.793833643,-0.6086601898,-3.079519033,-1.88108901675,-1.334455013,-2.996939838,NA,-1.201901237
"161",16100,-3.23994028533333,-17.550610545,-3.14573016775,-0.4542302935,-2.160959363,-2.36453998075,-3.121707201,-1.8653498888,-6.424715519,-2.187343836,-5.6051683426,-4.3756225705,1.337892558,-1.609239757,-0.6276923522,-3.056791782,-1.72678558525,-1.161653161,-3.6307974755,NA,-1.476938168
"162",16200,-3.264273882,-14.25060987,-3.52848664,-1.3225498495,-2.05147042875,-2.38323539475,-3.301707268,-1.6855863094,-6.724715233,-2.407911301,-6.0258816956,-4.84419924,0.7918432535,-1.67263464625,-0.7846521736,-3.034064531,-1.5075972825,-1.169489384,-3.92628327,NA,-1.315850059
"163",16300,-3.18664677933333,-15.100609305,-3.825946615,-1.6142273545,-2.2452409565,-2.38978430625,-3.481707335,-1.570314443,-7.024715424,-2.688285112,-6.3420624018,-5.35346961025,1.185521923,-1.6926171555,-0.9491587042,-3.01133728,-1.7612726245,-1.32170701,-4.4806957245,NA,-1.44179753466667
"164",16400,-3.24756828933333,-14.7506094,-3.773234381,-1.479338765,-2.3202047645,-2.2883407175,-3.84837389,-1.7150425434,-7.124715328,-2.152284145,-6.6118857622,-5.50580465775,1.4374184745,-1.97509730625,-0.9836652038,-3.1110847,-1.6836775245,-1.283618927,-2.0289428235,NA,-1.49094124633333
"165",16500,-3.28121189266667,-12.525609968,-3.6335830545,-1.347588658,-2.337170422,-2.16369464975,-4.215040684,-1.7797706604,-7.224715233,-1.249506474,-6.6733180282,-5.40563583375,1.5034529575,-1.77609257775,-0.9629810812,-3.333307028,-1.91593629125,-1.077849746,-1.7620384695,NA,-1.51991514333333
"166",16600,-3.28669726866667,-14.400609495,-3.85748524875,-1.027061105,-2.44084939375,-2.36425581575,-4.581707478,-1.7944987776,-7.324715614,-0.346728683,-6.470712638,-5.6895478965,0.769709115,-1.86735984675,-0.9282394052,-3.555529356,-1.6981265545,-1.218234301,-1.548031688,NA,-1.70146143433333
"167",16700,-3.26785409466667,-13.52560997,-4.138175492,-0.891868338,-2.444617808,-2.28400763875,-4.181707382,-1.7978970288,-7.424715519,-2.116981745,-6.1691699028,-5.8998625275,0.6505958145,-1.951546937,-0.8819722832,-3.777751446,-2.026302606,-1.016311169,-1.611739159,NA,-1.95073382066667
"168",16800,-3.29725428433333,-12.32561016,-4.20758237675,-1.4487077595,-2.40824025875,-2.41053926975,-3.781707287,-1.9397838354,-7.304715633,-3.706875086,-5.7767343282,-6.17768251875,0.778936332,-2.1018220485,-0.8373452662,-3.999973774,-2.02702021575,-1.045157433,-1.839893997,NA,-1.928306858
"169",16900,-3.28418123733333,-16.350609305,-4.24998085225,-1.885905266,-2.5491580665,-2.446622759,-3.38170743,-1.9616706252,-7.184715271,-3.797372818,-5.6620658638,-6.52295529825,0.1731823635,-2.1320480705,-0.7927182436,-4.238069057,-2.32504928125,-1.306173086,-2.122864604,NA,-1.87899152433333
"170",17000,-3.363993128,-13.425610065,-4.36201950925,-1.709032595,-2.6874755025,-2.400057167,-2.981707335,-2.1635574342,-7.064715385,-3.781241179,-5.704940653,-6.740957141,-0.3397144625,-2.2232533395,-0.9545913578,-4.476164341,-2.237243712,-1.547561169,-2.4664374885,NA,-1.998988231
"171",17100,-3.39353116366667,-12.800609585,-4.1469397545,-1.394597709,-2.8311598305,-2.32764154675,-2.931707382,-2.3825096368,-6.9447155,-3.110100269,-5.7080847738,-6.879359245,-0.581379975,-2.47858692725,-1.1432703376,-4.499973774,-2.2336522935,-1.635061264,-4.264465213,NA,-2.02550276133333
"172",17200,-3.47701231633333,-14.15060949,-3.7855326085,-1.544442773,-2.65475085375,-2.1814471485,-2.88170743,-2.4720954656,-6.824715614,-2.857867479,-5.6793050994,-6.86475217325,-0.808770156,-2.62514233575,-1.08872827,-4.499973774,-1.9150960745,-1.586984277,-4.3618735075,NA,-2.300363978
"173",17300,-3.58549769733333,-13.02560997,-3.9373235255,-2.1523367165,-2.70167016975,-2.3640252055,-2.831707239,-2.5916811944,-7.824715614,-2.831200838,-5.5907788992,-6.75795817375,-1.050275324,-2.623927191,-1.0455389202,-4.899973869,-1.82864087825,-1.493041992,-4.0979896785,NA,-2.156237761
"174",17400,-3.585669756,-17.02560997,-4.0038445965,-2.925383687,-2.656240493,-2.390697807,-2.781707287,-2.701412821,-8.824715614,-2.804534197,-5.47484293,-7.003832817,-1.3109342385,-2.63787023725,-1.0566264034,-5.471402168,-1.73759528975,-1.26843679,-4.096601486,NA,-2.134189407
"175",17500,-3.64365164433333,-10.0756096825,-3.67625887325,-2.595956683,-2.565098971,-2.28544118975,-2.853135824,-2.6317278386,-9.824715614,-2.777867556,-5.129754901,-7.09843623625,-1.5715931535,-2.52850458025,-1.049945122,-5.999973774,-2.2033189835,-1.413990259,-5.34838438,NA,-2.224130074
"176",17600,-3.75161107366667,-11.65060997,-3.0771347695,-2.6774784325,-2.6901055275,-2.21715788575,-2.924564362,-2.4620428084,-10.82471561,-2.940555334,-4.7252305748,-7.17251741875,-1.832252068,-2.46367810675,-1.0773537398,-6.499973774,-2.31826990825,-1.272822738,-4.5340752605,NA,-2.36810274933333
"177",17700,-3.88196802133333,-13.025609492,-2.55229707025,-2.522091925,-2.46201810225,-2.115301922,-2.995993137,-2.2823577402,-9.774715424,-3.12428236,-4.3979737044,-7.27869296075,-2.186125269,-2.469940886,-1.0751327276,-7.090882778,-2.242847502,-1.727706194,-5.139121294,NA,-2.32647315666667
"178",17800,-4.061201811,-13.175609112,-2.50096325575,-2.9388415215,-2.3681881725,-2.02786874775,-3.067421675,-2.2526727556,-8.724715233,-3.308009386,-4.0060201644,-7.498203993,-2.5747742165,-2.53630316225,-1.0029117464,-7.359973907,-2.24099287375,-1.968300581,-4.802716613,NA,-2.288462162
"179",17900,-4.02989927933333,-13.3006100675,-2.4888941795,-2.990975976,-2.4654322565,-1.80159668625,-3.138850212,-1.8370519962,-7.674715519,-3.467408657,-3.8109644414,-7.81158757225,-3.0552836295,-2.51129336675,-0.9617119074,-6.868155479,-2.165860623,-1.955369592,-4.922015071,NA,-2.415002386
"180",18000,-3.93018086766667,-13.050609585,-2.40438066425,-3.014569938,-2.5520989895,-2.03559412075,-3.210278749,-1.741236395,-6.624715328,-3.380828619,-3.6296319244,-7.82309055325,-3.455475582,-2.4818585665,-1.0263141034,-7.095428467,-1.8666062655,-2.062266111,-4.7112430335,NA,-2.38618584466667
"181",18100,-3.60151934633333,-14.150609495,-2.3087821305,-3.1300385,-2.59573566925,-1.9601559045,-3.281707287,-1.8054207864,-7.291382313,-3.294248581,-3.574339104,-8.16163468375,-3.5032146005,-2.5182497055,-1.1268624662,-7.299973488,-2.141875565,-2.361419201,-4.203096271,NA,-2.39061005933333
"182",18200,-3.61482739433333,-13.72560978,-2.229250774,-3.3835922475,-2.633296013,-1.819682002,-3.206707239,-1.8396051826,-7.958048821,-3.308821678,-3.7736784936,-7.802380681,-3.414713308,-2.6212963165,-1.2987800836,-7.299973488,-2.12189078325,-2.652783394,-4.7326072455,NA,-2.57732089333333
"183",18300,-3.8831381,-16.95060968,-2.1570757925,-3.453962803,-2.6540290715,-1.91767309625,-3.13170743,-1.183789629,-8.624715805,-3.351925135,-3.9968951702,-8.008575916,-3.336870931,-2.673064053,-1.3753498912,-7.299973488,-2.2925020455,-2.258787632,-5.202136278,NA,-2.18067316233333
"184",18400,-3.976818244,-12.500609636,-2.09045635175,-3.437491417,-2.7385560575,-1.9594952465,-3.056707382,-1.651050377,-10.02471542,-3.400429487,-4.075654173,-7.983653426,-3.561547934,-2.746839732,-1.453040409,-7.436337471,-2.2673119605,-2.315714359,-4.2253228425,NA,-2.172900478
"185",18500,-3.898139318,-11.8256096825,-1.9197399915,-3.2090286015,-2.89885190125,-1.9980863035,-2.981707335,-1.6062194528,-11.42471504,-3.455274105,-4.037395382,-8.1184380055,-3.8112249365,-2.7161435485,-1.4598556874,-7.572700977,-2.441973418,-2.586857796,-4.6071760655,NA,-2.11336108066667
"186",18600,-4.05849981333333,-10.0506098255,-2.033862233,-3.06270504,-3.03535914425,-2.05910751225,-3.021707296,-1.4113885106,-11.22471523,-3.510118723,-3.9041803716,-8.1142252685,-3.8878399235,-2.709837586,-1.4646567822,-7.638069153,-2.279569179,-2.801921368,-5.764295578,NA,-2.18715365733333
"187",18700,-4.559794426,-13.175609112,-2.20875825,-3.085758567,-2.648251921,-1.99260845775,-3.061707258,-1.356557584,-11.02471542,-3.564963341,-3.8623939396,-8.29209339625,-3.756926134,-2.818747461,-1.5740263342,-7.685688019,-2.29093068825,-3.192998171,-2.0519543885,NA,-2.200617552
"188",18800,-4.52401336,-14.67560911,-1.95032107825,-3.226613283,-2.71442684525,-1.413649708,-3.10170722,-1.3472961666,-10.82471561,-3.619807959,-3.8218692064,-8.28094506275,-3.57575982,-2.861364573,-1.6496902046,-7.445428371,-2.16625235975,-3.466187239,-4.7402062415,NA,-2.42532241366667
"189",18900,-5.380184571,-11.825610163,-1.2151471525,-2.8629621265,-2.7735079825,-1.3521800935,-3.14170742,-1.3265579464,-10.72471523,-3.674652576,-3.7383641602,-8.01986956625,-3.905217184,-2.9707440735,-1.6370620486,-7.499973774,-2.2809422315,-3.185542107,-3.9676209095,NA,-2.39494796566667
"190",19000,-5.49312782266667,-12.525609492,-0.641606465,-2.987287283,-2.90926074975,-1.2793676555,-3.181707382,-1.3258196534,-10.62471581,-3.650074005,-3.5118653776,-8.169938922,-4.223628037,-2.96868816025,-1.6044513822,-7.833306789,-2.4001256525,-2.97524786,-5.301630497,NA,-2.55254960033333
"191",19100,-5.46420319866667,-14.5506100675,-1.433982514,-3.290697575,-3.1140943465,-1.1684054135,-3.431707382,-1.497815207,-10.52471542,-3.624693394,-3.2865733386,-8.18627858175,-4.3625815255,-2.9037855265,-1.5519825996,-7.762830734,-2.36083105225,-3.037012577,-5.433675766,NA,-2.44717518466667
"192",19200,-5.533442497,-14.2256102585,-1.81179178733333,-3.180467367,-2.97822666175,-1.23160341375,-3.681707382,-1.4468923435,-10.75804901,-3.599312544,-3.0758860352,-8.03416693225,-4.2414276795,-2.896961957,-1.5306249856,-7.591402054,-2.571532458,-3.019365549,-5.8210544585,NA,-2.41156260166667
"193",19300,-5.531039397,-12.6506099725,-2.06006521966667,-3.114276886,-2.94646251225,-1.2450208665,-3.797091961,-1.42096957575,-10.99138165,-3.578988791,-3.0112064958,-7.98715627175,-4.156812295,-2.91424685725,-1.6759339988,-7.41997385,-2.14497126625,-3.191885233,-5.744636059,NA,-2.197971781
"194",19400,-5.54487021733333,-12.5506100635,-1.77305676033333,-2.986829996,-2.9480302335,-1.238579929,-3.91247654,-1.38254672275,-11.22471523,-3.654746294,-3.2665334462,-7.9611388445,-4.392143243,-2.916292608,-1.7662065326,-7.316640377,-2.34994508325,-3.109561682,-5.944538593,NA,-2.338423451
"195",19500,-5.417222659,-14.150609495,-1.49848073233333,-3.281721592,-2.8936275245,-1.26797226075,-4.027861118,-1.36383768925,-10.42471504,-3.730504036,-3.4985913038,-8.1953133345,-4.3964366235,-2.62940329325,-1.5907422842,-7.372195721,-2.36385448275,-2.913483143,-5.5460634235,NA,-2.925242424
"196",19600,-5.40858991966667,-13.77560997,-1.36343816933333,-3.4394750595,-2.8495894075,-1.16390991225,-4.143245697,-1.4119609595,-9.624715805,-3.806261539,-3.7876643184,-8.3423012495,-4.3906823005,-2.43041878925,-1.4189998806,-7.427751541,-2.2814919205,-2.887985706,-5.753022909,NA,-2.982385278
"197",19700,-5.06940968833333,-15.200609205,-1.34587127466667,-3.0371755365,-2.6121400595,-0.9902958125,-4.258630276,-1.48508420625,-8.824715614,-3.866710424,-3.8846231698,-8.261578202,-4.3985867355,-2.36111629025,-1.5427847624,-7.483306885,-2.27736815825,-2.925579548,-4.5969389675,NA,-2.8680996895
"198",19800,-4.97411664333333,-13.17560959,-1.69262402266667,-2.971352339,-2.55954843775,-0.76588289825,-4.374014854,-1.59570742425,-9.174715042,-3.772370815,-3.6589379074,-8.050565958,-4.3605895315,-2.38469442725,-1.676823449,-7.459973812,-2.18450737,-2.929104805,-4.8517243865,NA,-2.7834842205
"199",19900,-4.910175085,-14.900609495,-1.60816462333333,-2.7248835565,-2.27651649725,-0.79913152,-4.489399433,-1.743830629,-9.524715424,-3.678031206,-3.4189132932,-8.00952601425,-4.3113520175,-2.5484981685,-1.6078078746,-7.402830601,-2.30011440775,-2.480003119,-5.1278057095,NA,-2.880599499
"200",20000,-5.06180055933333,-15.65060949,-0.6856990755,-2.477753878,-2.165492356,-0.82086998975,-4.604784012,-1.804453835,-9.874715805,-3.583691359,-3.1587135672,-7.9003515245,-4.253974968,-2.58374799775,-1.5422646046,-7.345687866,-2.510166809,-2.460541964,-4.570169926,NA,-2.7255671025
"201",20100,-5.237100124,-15.27560997,-0.6156767085,-2.926844239,-2.2004911305,-0.8434101045,-4.720169067,-1.777577132,-10.22471523,-3.735654354,-2.8920038404,-7.83223986625,-4.196597919,-2.82063666025,-1.5476415754,-7.299973488,-2.3433314415,-2.851505756,-4.1060124635,NA,-2.9943982365
"202",20200,-5.003590425,-16.050610065,-0.545654342,-3.148609519,-2.170323357,-0.9258973675,-4.835553646,-1.823150769,-10.42471504,-3.911976814,-3.6949476005,-7.55321145075,-4.042321645,-2.9388022275,-1.6077309368,-7.299973488,-2.228192553,-2.640662432,-4.0570721625,NA,-2.871945739
"203",20300,-5.13613295566667,-16.42560911,-0.6172986255,-3.1715097425,-2.17618671075,-1.0658682885,-4.950938225,-2.99815073625,-10.62471581,-4.088299274,-3.6699804665,-7.71589159975,-3.904438814,-3.08240820475,-1.6653045414,-7.299973488,-2.33776287725,-2.646177292,-5.0820450785,NA,-2.838099599
"204",20400,-5.03483041166667,-18.500609875,-0.7139429375,-3.617687464,-2.27802618333333,-1.1232393685,-5.066322804,-2.48565074825,-10.82471561,-4.264621735,-3.7373237015,-7.968071461,-3.98735278,-3.2719654145,-1.5572072386,-7.299973488,-2.25296013025,-2.784298897,-4.8849037885,NA,-2.7077424525
"205",20500,-5.12180256866667,-19.275609495,-0.761986166,-3.597160697,-2.29902692633333,-1.1349883675,-5.181707382,-2.448150784,-11.02471542,NA,-3.7759602665,-8.119636059,-4.171429537,-3.19648656275,-1.4491099834,-7.13330698,-2.19739028825,-2.644752502,-4.575704932,NA,-3.049290061
"206",20600,-5.10031755766667,-13.0006098725,-0.7197703795,-3.0993682145,-2.48843598333333,-1.13793930425,-5.158177853,-2.198150754,-11.04971504,NA,-3.79433023925,-7.781386733,-4.3555062935,-3.04106679575,-1.5490553022,-6.855529308,-2.136213258,-2.474278212,-4.4485481975,NA,-2.601062536
"207",20700,-4.87836281433333,-14.975609305,-0.6775545965,-3.043629408,-2.623062809,-1.099661365,-5.134648323,-2.17315071825,-11.07471561,NA,-3.7505417765,-7.8926223515,-4.425629562,-2.8333589735,-1.4195589302,-7.082326412,-2.23795288825,-2.61164093,-4.8083633185,NA,-2.629766226
"208",20800,-4.98083512,-15.250609877,-0.635338746,-3.3678297995,-2.58360091833333,-1.028968267,-5.11111927,-2.13529019075,-11.09971523,NA,-3.68910911675,-7.8238168955,-4.4740474045,-2.9885145425,-1.352322173,-7.386085033,-2.397466421,-2.703250408,-6.0378968715,NA,-2.6556605695
"209",20900,-5.24569972333333,-19.05061007,-0.593122959,-3.31949842,-2.68756135266667,-1.03574367625,-5.087589741,-1.886732474,-11.12471581,NA,-3.668924719,-7.667718053,-4.5526978045,-3.2234229145,-1.3486928938,-7.247195721,-2.3918179125,-2.677208662,-4.780810475,NA,-2.3397319315
"210",21000,-5.38054513933333,-16.52560949,-0.6182129905,-3.362613678,-2.75936877733333,-1.00829707075,-5.064060211,-1.90067479025,-11.49971581,NA,-3.7862332465,-7.672484398,-4.619170673,-3.40263873325,-1.4125119686,-7.108306885,-2.38223007325,-2.679793358,-5.0011891125,NA,-2.3257262115
"211",21100,-5.489573479,-15.750609395,-0.6507814525,-3.316429496,-2.77439908166667,-1.05414652825,-5.040530682,-1.92711713925,-11.87471581,NA,-4.41125313466667,-7.59432375425,-4.685643541,-3.41728216425,-1.4955244182,-6.969418049,-2.4158020765,-2.733269215,-5.125563979,NA,-1.853259027
"212",21200,-5.328540802,-17.750609875,-0.683349937,-2.9735666515,-2.67065159466667,-1.007492654,-5.017001629,-1.89105939875,-12.24971581,NA,-4.44742504766667,-7.594034195,-4.5939768745,-3.31947273025,-1.5114545462,-6.899973869,-2.36182357375,-2.706695795,-6.1708910465,NA,-1.583781362
"213",21300,-5.586320559,-18.95061016,-0.838327706,-3.073444128,-2.59816455833333,-1.1106821895,-4.993472099,-1.90500169975,-12.62471581,NA,-4.697749138,-7.65640854825,-4.427891603,-3.09940373875,-1.4714105128,-6.899973869,-2.21886722725,-2.596805811,-6.418994665,NA,-2.158710241
"214",21400,-5.41837199533333,-17.87561035,-1.065196723,-2.898669481,-2.57589670033333,-1.26328869175,-4.96994257,-1.9064439835,-12.06471539,NA,-6.363740921,-7.599255681,-4.290876099,-3.052354604,-1.5245074868,-6.899973869,-2.21698511375,-2.588227987,-5.4656898975,NA,-2.506715775
"215",21500,-5.42074044533333,-16.30060959,-1.1523750425,-3.294246435,-2.510269324,-1.31521379925,-4.94641304,-1.99952057,-11.50471592,NA,-6.206759691,-7.55101847625,-4.415488502,-3.14891183375,-1.5789790628,-6.899973869,-2.02347224925,-2.878875256,-4.8307607175,NA,-2.503525019
"216",21600,-5.43229134866667,-17.875609875,-1.17968601,-3.137403727,-2.61467123033333,-1.28092917775,-4.922883987,-2.10876724125,-10.9447155,NA,-6.049778223,-7.415692687,-4.4334069165,-3.28477780525,-1.4549618958,-7.122195721,-1.903005794,-2.629772663,-4.8314962385,NA,-2.936858416
"217",21700,-5.53321615866667,-20.15060997,-1.206996858,-3.078317404,-2.76317993833333,-1.24551159125,-4.899354458,-2.2055137755,-10.38471508,NA,-5.961368322,-7.467529893,-4.4110152525,-2.99710159,-1.3239994048,-7.344418049,-1.96023070075,-2.735098124,-4.8058998585,NA,-2.827334404
"218",21800,-5.42966620133333,-17.90060997,-1.278425455,-3.17893219,-2.63434223333333,-1.191964358,-4.875824928,-2.302260369,-9.824715614,NA,-5.975815296,-7.617338419,-4.351414287,-2.5094171315,-1.4485140084,-7.566640377,-2.11801253975,-3.060542107,-4.839020252,NA,-1.338304281
"219",21900,-5.687236468,-17.225609775,-1.452795267,-3.15160203,-2.562054515,-1.07696513825,-4.852295399,-2.236506909,-9.741381645,NA,-5.99026227,-7.7679588795,-4.291813321,-2.622418314,-1.4724951508,-7.711402416,-1.0924098045,-2.867346764,-5.2538499835,NA,-1.504970908
"220",22000,-5.69733619666667,-15.425610065,-1.62716496,-2.556473255,-2.3144394755,-1.023520142,-4.828766346,-2.13325347,-9.65804863,NA,-6.0227885245,-7.857784629,-4.213995301,-2.62835688875,-1.52459985,-7.739973545,-1.35938558,-2.541903019,-5.9421174525,NA,-1.578304291
